Date,Close,new_cases,new_deaths,pneumonia_mean,reproduction_rate,new_tests,positive_rate,tests_per_case,stringency_index,mask_use_mean,mobility_mean,total_boosters,total_vaccinations,new_vaccinations,cumulative_all_vaccinated,cumulative_all_fully_vaccinated,cumulative_all_effectively_vaccinated,infection_fatality,infection_detection,infection_hospitalization
2020-03-02,5361.246094,2.0,0.0,0.9586,0.0,0.0,0.0,0.0,28.7,0.0,2.4519,0.0,0.0,0.0,0.0,0.0,0.0,0.0,0.0,0.0224
2020-03-03,5518.62793,0.0,0.0,0.9597,0.0,0.0,0.0,0.0,37.04,0.0,2.7448,0.0,0.0,0.0,0.0,0.0,0.0,0.0,0.0,0.0243
2020-03-04,5650.13623,0.0,0.0,0.9602,0.0,0.0,0.0,0.0,37.04,0.0,2.9966,0.0,0.0,0.0,0.0,0.0,0.0,0.0,0.0,0.0232
2020-03-05,5638.129883,0.0,0.0,0.9609,0.0,0.0,0.0,0.0,37.04,0.0,3.196,0.0,0.0,0.0,0.0,0.0,0.0,0.0,0.0,0.0201
2020-03-06,5498.540039,2.0,0.0,0.9622,0.0,0.0,0.0,0.0,37.04,0.0,3.3219,0.0,0.0,0.0,0.0,0.0,0.0,0.0,0.0006,0.0144
2020-03-09,5136.809082,13.0,0.0,0.9662,0.0,0.0,0.0,0.0,37.04,0.0,2.9423,0.0,0.0,0.0,0.0,0.0,0.0,0.0,0.0012,0.0116
2020-03-10,5220.826172,8.0,0.0,0.9676,0.0,0.0,0.0,0.0,37.04,0.0,2.4237,0.0,0.0,0.0,0.0,0.0,0.0,0.0,0.0017,0.0121
2020-03-11,5154.10498,7.0,1.0,0.9683,0.0,0.0,0.0,0.0,37.04,0.0,1.6234,0.0,0.0,0.0,0.0,0.0,0.0,0.0,0.0025,0.0131
2020-03-12,4895.748047,0.0,0.0,0.969,0.0,0.0,0.0,0.0,37.04,0.0,0.4929,0.0,0.0,0.0,0.0,0.0,0.0,0.0,0.0029,0.0135
2020-03-13,4907.570801,35.0,3.0,0.9706,0.0,0.0,0.0,0.0,37.04,0.0,-1.0007,0.0,0.0,0.0,0.0,0.0,0.0,0.0,0.0029,0.0133
2020-03-16,4690.657227,17.0,0.0,0.9753,2.06,0.0,0.0,0.0,45.37,0.0001,-7.5712,0.0,0.0,0.0,0.0,0.0,0.0,0.024,0.0042,0.0134
2020-03-17,4456.749023,38.0,0.0,0.9769,2.14,0.0,0.0,0.0,42.59,0.0002,-10.2871,0.0,0.0,0.0,0.0,0.0,0.0,0.0226,0.0046,0.0132
2020-03-18,4330.673828,55.0,14.0,0.9777,2.22,0.0,0.0,0.0,42.59,0.0004,-13.1418,0.0,0.0,0.0,0.0,0.0,0.0,0.0186,0.0048,0.0125
2020-03-19,4105.421875,84.0,6.0,0.9785,2.23,0.0,0.0,0.0,45.37,0.001,-16.0573,0.0,0.0,0.0,0.0,0.0,0.0,0.0164,0.0051,0.012
2020-03-20,4194.943848,58.0,7.0,0.9803,2.1,0.0,0.0,0.0,45.37,0.0022,-18.9602,0.0,0.0,0.0,0.0,0.0,0.0,0.0129,0.0053,0.0116
2020-03-23,3989.51709,65.0,1.0,0.9856,1.88,0.0,0.0,0.0,48.15,0.0178,-26.9401,0.0,0.0,0.0,0.0,0.0,0.0,0.0076,0.0061,0.0121
2020-03-24,3937.63208,107.0,6.0,0.9874,1.85,0.0,0.0,0.0,48.15,0.0312,-29.1458,0.0,0.0,0.0,0.0,0.0,0.0,0.0081,0.0063,0.0125
2020-03-26,4338.903809,103.0,20.0,0.9893,1.7,0.0,0.0,0.0,48.15,0.0779,-32.5831,0.0,0.0,0.0,0.0,0.0,0.0,0.0086,0.006,0.0129
2020-03-27,4545.570801,153.0,9.0,0.9912,1.69,0.0,0.0,0.0,48.15,0.1106,-33.8085,0.0,0.0,0.0,0.0,0.0,0.0,0.0083,0.0059,0.013
2020-03-30,4414.5,129.0,8.0,0.9971,1.52,0.0,0.0,0.0,50.93,0.2043,-35.9978,0.0,0.0,0.0,0.0,0.0,0.0,0.0081,0.0051,0.0116
2020-03-31,4538.930176,114.0,14.0,0.999,1.43,0.0,0.0,0.0,50.93,0.2293,-36.3982,0.0,0.0,0.0,0.0,0.0,0.0,0.007,0.005,0.0111
2020-04-01,4466.037109,149.0,21.0,1.0,1.4,0.0,0.0,0.0,50.93,0.255,-36.7054,0.0,0.0,0.0,0.0,0.0,0.0,0.0062,0.005,0.0107
2020-04-02,4531.685059,113.0,13.0,1.001,1.36,0.0,0.0,0.0,50.93,0.2812,-36.954,0.0,0.0,0.0,0.0,0.0,0.0,0.0054,0.0051,0.0105
2020-04-03,4623.429199,196.0,11.0,1.0031,1.41,0.0,0.0,0.0,50.93,0.3072,-37.1716,0.0,0.0,0.0,0.0,0.0,0.0,0.0049,0.0055,0.0106
2020-04-06,4811.827148,218.0,11.0,1.0095,1.58,0.0,0.0,0.0,50.93,0.3834,-37.795,0.0,0.0,0.0,0.0,0.0,0.0,0.0047,0.0071,0.0113
2020-04-07,4778.63916,247.0,12.0,1.0116,1.58,0.0,0.0,0.0,60.65,0.4077,-37.9994,0.0,0.0,0.0,0.0,0.0,0.0,0.0053,0.0075,0.0114
2020-04-08,4626.694824,218.0,19.0,1.0126,1.55,0.0,0.0,0.0,60.65,0.4319,-38.1807,0.0,0.0,0.0,0.0,0.0,0.0,0.0055,0.0078,0.0114
2020-04-09,4649.079102,337.0,40.0,1.0137,1.55,0.0,0.0,0.0,60.65,0.4558,-38.3172,0.0,0.0,0.0,0.0,0.0,0.0,0.006,0.0085,0.0118
2020-04-13,4623.894043,316.0,26.0,1.0226,1.45,0.0,0.0,0.0,71.76,0.544,-38.1223,0.0,0.0,0.0,0.0,0.0,0.0,0.0058,0.0089,0.0105
2020-04-14,4706.491211,282.0,60.0,1.0249,1.35,0.0,0.0,0.0,71.76,0.5638,-37.9209,0.0,0.0,0.0,0.0,0.0,0.0,0.0052,0.0094,0.0105
2020-04-15,4625.904785,297.0,10.0,1.026,1.3,0.0,0.0,0.0,71.76,0.5825,-37.7105,0.0,0.0,0.0,0.0,0.0,0.0,0.0049,0.0099,0.0105
2020-04-16,4480.606934,380.0,27.0,1.0271,1.27,0.0,0.0,0.0,71.76,0.6001,-37.5249,0.0,0.0,0.0,0.0,0.0,0.0,0.0047,0.01,0.0101
2020-04-17,4634.820801,407.0,24.0,1.0295,1.24,0.0,0.0,0.0,71.76,0.6162,-37.3965,0.0,0.0,0.0,0.0,0.0,0.0,0.0045,0.0099,0.0099
2020-04-20,4575.904785,185.0,8.0,1.0364,1.11,0.0,0.0,0.0,71.76,0.6525,-37.6226,0.0,0.0,0.0,0.0,0.0,0.0,0.0035,0.0106,0.0104
2020-04-21,4501.918945,375.0,26.0,1.0387,1.11,0.0,0.0,0.0,71.76,0.6596,-37.9498,0.0,0.0,0.0,0.0,0.0,0.0,0.0035,0.0106,0.0105
2020-04-22,4567.562012,283.0,19.0,1.0399,1.09,0.0,0.0,0.0,71.76,0.6649,-38.393,0.0,0.0,0.0,0.0,0.0,0.0,0.0037,0.0107,0.0107
2020-04-23,4593.554199,357.0,12.0,1.0411,1.1,0.0,0.0,0.0,71.76,0.6689,-38.9248,0.0,0.0,0.0,0.0,0.0,0.0,0.0035,0.0107,0.0106
2020-04-24,4496.063965,436.0,42.0,1.0435,1.11,0.0,0.0,0.0,80.09,0.672,-39.5046,0.0,0.0,0.0,0.0,0.0,0.0,0.0033,0.0106,0.0104
2020-04-27,4513.141113,214.0,22.0,1.0506,1.05,0.0,0.0,0.0,80.09,0.6791,-41.0767,0.0,0.0,0.0,0.0,0.0,0.0,0.0026,0.0109,0.0103
2020-04-28,4529.554199,415.0,8.0,1.053,1.05,0.0,0.0,0.0,80.09,0.6814,-41.4276,0.0,0.0,0.0,0.0,0.0,0.0,0.0022,0.011,0.0103
2020-04-29,4567.323242,260.0,11.0,1.0542,1.03,0.0,0.0,0.0,80.09,0.6841,-41.6584,0.0,0.0,0.0,0.0,0.0,0.0,0.002,0.0108,0.0104
2020-04-30,4716.402832,347.0,8.0,1.0554,1.05,0.0,0.0,0.0,80.09,0.6873,-41.7656,0.0,0.0,0.0,0.0,0.0,0.0,0.0019,0.0108,0.0106
2020-05-04,4605.486816,395.0,19.0,1.0649,1.16,0.0,0.0,0.0,74.54,0.7031,-41.1272,0.0,0.0,0.0,0.0,0.0,0.0,0.0024,0.0109,0.0114
2020-05-05,4630.132813,484.0,8.0,1.0673,1.14,0.0,0.0,0.0,74.54,0.7069,-40.7643,0.0,0.0,0.0,0.0,0.0,0.0,0.0028,0.0104,0.0109
2020-05-06,4608.790039,367.0,23.0,1.0685,1.09,0.0,0.0,0.0,74.54,0.7104,-40.3333,0.0,0.0,0.0,0.0,0.0,0.0,0.0027,0.0104,0.0107
2020-05-08,4597.430176,336.0,13.0,1.072,1.09,0.0,0.0,0.0,74.54,0.7171,-39.2715,0.0,0.0,0.0,0.0,0.0,0.0,0.0025,0.0106,0.0104
2020-05-11,4639.10498,233.0,18.0,1.0791,1.16,0.0,0.0,0.0,74.54,0.7259,-37.3508,0.0,0.0,0.0,0.0,0.0,0.0,0.0024,0.0123,0.0108
2020-05-12,4588.733887,484.0,16.0,1.0815,1.22,0.0,0.0,0.0,74.54,0.7282,-36.7179,0.0,0.0,0.0,0.0,0.0,0.0,0.0025,0.0128,0.0111
2020-05-13,4554.358887,689.0,21.0,1.0827,1.27,0.0,0.0,0.0,74.54,0.7306,-36.1355,0.0,0.0,0.0,0.0,0.0,0.0,0.0027,0.0129,0.0111
2020-05-14,4513.833984,568.0,15.0,1.0838,1.24,0.0,0.0,0.0,74.54,0.7328,-35.6302,0.0,0.0,0.0,0.0,0.0,0.0,0.0031,0.0129,0.0109
2020-05-15,4507.606934,490.0,33.0,1.0861,1.21,0.0,0.0,0.0,74.54,0.7346,-35.2255,0.0,0.0,0.0,0.0,0.0,0.0,0.0038,0.0132,0.011
2020-05-18,4511.058105,496.0,43.0,1.0929,1.23,0.0,0.0,0.0,74.54,0.7405,-34.7388,0.0,0.0,0.0,0.0,0.0,0.0,0.0041,0.0137,0.0108
2020-05-19,4548.655762,486.0,30.0,1.0952,1.24,0.0,0.0,0.0,74.54,0.7416,-34.7943,0.0,0.0,0.0,0.0,0.0,0.0,0.0043,0.0144,0.0109
2020-05-20,4545.952148,693.0,21.0,1.0964,1.28,0.0,0.0,0.0,71.76,0.7425,-34.9117,0.0,0.0,0.0,0.0,0.0,0.0,0.0043,0.015,0.011
2020-05-26,4626.798828,415.0,27.0,1.1082,1.03,0.0,0.0,0.0,71.76,0.7396,-34.6801,0.0,0.0,0.0,0.0,0.0,0.0,0.0035,0.0138,0.0104
2020-05-27,4641.555176,686.0,55.0,1.1093,1.03,0.0,0.0,0.0,71.76,0.739,-34.2295,0.0,0.0,0.0,0.0,0.0,0.0,0.0035,0.0133,0.0103
2020-05-28,4716.185059,687.0,23.0,1.1103,1.04,0.0,0.0,0.0,71.76,0.7384,-33.6557,0.0,0.0,0.0,0.0,0.0,0.0,0.0038,0.0131,0.0104
2020-05-29,4753.611816,678.0,24.0,1.1122,1.04,0.0,0.0,0.0,71.76,0.7381,-32.9787,0.0,0.0,0.0,0.0,0.0,0.0,0.0039,0.0134,0.0106
2020-06-02,4847.506836,609.0,22.0,1.1201,1.06,0.0,0.0,0.0,71.76,0.7413,-29.7162,0.0,0.0,0.0,0.0,0.0,0.0,0.0035,0.0133,0.0107
2020-06-03,4941.005859,684.0,35.0,1.1211,1.07,0.0,0.0,0.0,71.76,0.7435,-28.8693,0.0,0.0,0.0,0.0,0.0,0.0,0.0035,0.0138,0.0108
2020-06-04,4916.704102,585.0,23.0,1.122,1.1,0.0,0.0,0.0,71.76,0.7458,-28.0448,0.0,0.0,0.0,0.0,0.0,0.0,0.0033,0.0142,0.0108
2020-06-05,4947.782227,703.0,49.0,1.1237,1.16,0.0,0.0,0.0,71.76,0.748,-27.2573,0.0,0.0,0.0,0.0,0.0,0.0,0.0034,0.0146,0.0108
2020-06-08,5070.561035,847.0,32.0,1.1288,1.3,0.0,0.0,0.0,68.06,0.7532,-25.2433,0.0,0.0,0.0,0.0,0.0,0.0,0.0036,0.0174,0.0112
2020-06-09,5035.055176,1043.0,40.0,1.1306,1.32,0.0,0.0,0.0,68.06,0.7545,-24.7085,0.0,0.0,0.0,0.0,0.0,0.0,0.0037,0.018,0.0113
2020-06-10,4920.682129,1240.0,36.0,1.1314,1.31,0.0,0.0,0.0,68.06,0.7555,-24.2388,0.0,0.0,0.0,0.0,0.0,0.0,0.0038,0.018,0.0111
2020-06-11,4854.753906,979.0,41.0,1.1321,1.26,0.0,0.0,0.0,68.06,0.7564,-23.8303,0.0,0.0,0.0,0.0,0.0,0.0,0.0039,0.0178,0.011
2020-06-12,4880.358887,1111.0,48.0,1.1335,1.23,0.0,0.0,0.0,68.06,0.7569,-23.4802,0.0,0.0,0.0,0.0,0.0,0.0,0.004,0.0178,0.011
2020-06-15,4816.335938,1017.0,64.0,1.1378,1.19,0.0,0.0,0.0,68.06,0.7561,-22.7746,0.0,0.0,0.0,0.0,0.0,0.0,0.0044,0.0169,0.011
2020-06-16,4986.458008,1106.0,33.0,1.1392,1.17,0.0,0.0,0.0,68.06,0.7556,-22.6459,0.0,0.0,0.0,0.0,0.0,0.0,0.0044,0.0168,0.011
2020-06-17,4987.775879,1031.0,45.0,1.1399,1.14,0.0,0.0,0.0,68.06,0.7552,-22.5569,0.0,0.0,0.0,0.0,0.0,0.0,0.0043,0.0166,0.011
2020-06-18,4925.248047,1331.0,63.0,1.1405,1.14,0.0,0.0,0.0,68.06,0.7543,-22.4973,0.0,0.0,0.0,0.0,0.0,0.0,0.0043,0.0165,0.011
2020-06-19,4942.274902,1041.0,34.0,1.1415,1.11,0.0,0.0,0.0,68.06,0.7532,-22.4571,0.0,0.0,0.0,0.0,0.0,0.0,0.004,0.0161,0.0109
2020-06-22,4918.831055,954.0,35.0,1.1447,1.08,0.0,0.0,0.0,68.06,0.7482,-22.3733,0.0,0.0,0.0,0.0,0.0,0.0,0.0035,0.0152,0.0107
2020-06-23,4879.132813,1051.0,35.0,1.1458,1.08,0.0,0.0,0.0,68.06,0.746,-22.3305,0.0,0.0,0.0,0.0,0.0,0.0,0.0035,0.0151,0.0107
2020-06-24,4964.734863,1113.0,38.0,1.1463,1.08,0.0,0.0,0.0,68.06,0.7437,-22.2674,0.0,0.0,0.0,0.0,0.0,0.0,0.0035,0.0153,0.0107
2020-06-25,4896.72998,1178.0,47.0,1.1467,1.09,0.0,0.0,0.0,68.06,0.7415,-22.179,0.0,0.0,0.0,0.0,0.0,0.0,0.0033,0.0157,0.0108
2020-06-26,4904.087891,1240.0,63.0,1.1474,1.12,0.0,0.0,0.0,68.06,0.7386,-22.0624,0.0,0.0,0.0,0.0,0.0,0.0,0.0032,0.0159,0.0108
2020-06-29,4901.817871,1082.0,51.0,1.1495,1.15,0.0,0.0,0.0,68.06,0.7301,-21.5436,0.0,0.0,0.0,0.0,0.0,0.0,0.0037,0.0166,0.0111
2020-06-30,4905.39209,1293.0,71.0,1.1502,1.15,0.0,0.0,0.0,62.5,0.7277,-21.3193,0.0,0.0,0.0,0.0,0.0,0.0,0.0036,0.0166,0.0111
2020-07-01,4914.388184,1385.0,58.0,1.1506,1.15,0.0,0.0,0.0,62.5,0.7255,-21.0746,0.0,0.0,0.0,0.0,0.0,0.0,0.0035,0.0163,0.0112
2020-07-02,4966.779785,1624.0,53.0,1.1508,1.15,0.0,0.0,0.0,62.5,0.7237,-20.8156,0.0,0.0,0.0,0.0,0.0,0.0,0.0037,0.0161,0.0113
2020-07-03,4973.793945,1301.0,49.0,1.1512,1.15,0.0,0.0,0.0,62.5,0.7224,-20.5497,0.0,0.0,0.0,0.0,0.0,0.0,0.0039,0.016,0.0113
2020-07-06,4988.866211,1209.0,70.0,1.1523,1.17,0.0,0.0,0.0,62.5,0.7193,-19.7866,0.0,0.0,0.0,0.0,0.0,0.0,0.0037,0.0157,0.0115
2020-07-07,4987.082031,1268.0,68.0,1.1527,1.19,0.0,0.0,0.0,62.5,0.7191,-19.5597,0.0,0.0,0.0,0.0,0.0,0.0,0.0037,0.0159,0.0115
2020-07-08,5076.173828,1853.0,50.0,1.1529,1.22,0.0,0.0,0.0,62.5,0.719,-19.3562,0.0,0.0,0.0,0.0,0.0,0.0,0.0038,0.0156,0.0112
2020-07-09,5052.793945,2657.0,58.0,1.1529,1.24,0.0,0.0,0.0,62.5,0.7192,-19.1853,0.0,0.0,0.0,0.0,0.0,0.0,0.0037,0.0154,0.0109
2020-07-10,5031.255859,1611.0,52.0,1.1529,1.17,0.0,0.0,0.0,62.5,0.72,-19.0566,0.0,0.0,0.0,0.0,0.0,0.0,0.0036,0.0153,0.0105
2020-07-13,5064.446777,1282.0,50.0,1.1531,1.06,0.0,0.0,0.0,62.5,0.7211,-18.9979,0.0,0.0,0.0,0.0,0.0,0.0,0.0036,0.0154,0.0099
2020-07-14,5079.12207,1591.0,54.0,1.1532,1.03,0.0,0.0,0.0,62.5,0.7211,-19.0791,0.0,0.0,0.0,0.0,0.0,0.0,0.0037,0.0152,0.0098
2020-07-15,5075.797852,1522.0,87.0,1.1532,1.01,0.0,0.0,0.0,62.5,0.7212,-19.1874,0.0,0.0,0.0,0.0,0.0,0.0,0.0037,0.0157,0.01
2020-07-16,5098.374023,1574.0,76.0,1.1531,1.0,0.0,0.0,0.0,62.5,0.7216,-19.3082,0.0,0.0,0.0,0.0,0.0,0.0,0.0038,0.0161,0.0102
2020-07-17,5079.584961,1462.0,84.0,1.1529,1.02,0.0,0.0,0.0,62.5,0.7223,-19.4301,0.0,0.0,0.0,0.0,0.0,0.0,0.004,0.0166,0.0105
2020-07-20,5051.105957,1693.0,96.0,1.1521,1.09,0.0,0.0,0.0,62.5,0.7228,-19.7279,0.0,0.0,0.0,0.0,0.0,0.0,0.0044,0.0176,0.0108
2020-07-21,5114.708984,1655.0,81.0,1.1519,1.08,0.0,0.0,0.0,62.5,0.7227,-19.7741,0.0,0.0,0.0,0.0,0.0,0.0,0.0043,0.0177,0.0109
2020-07-22,5110.187012,1882.0,139.0,1.1518,1.07,0.0,0.0,0.0,62.5,0.7229,-19.7738,0.0,0.0,0.0,0.0,0.0,0.0,0.0041,0.0178,0.0108
2020-07-23,5145.009766,1906.0,117.0,1.1515,1.06,0.0,0.0,0.0,62.5,0.7235,-19.7208,0.0,0.0,0.0,0.0,0.0,0.0,0.0038,0.0177,0.0107
2020-07-24,5082.991211,1761.0,89.0,1.151,1.05,0.0,0.0,0.0,62.5,0.7239,-19.6153,0.0,0.0,0.0,0.0,0.0,0.0,0.0034,0.0174,0.0105
2020-07-27,5116.666016,1525.0,57.0,1.1495,1.06,0.0,0.0,0.0,62.5,0.7251,-19.0704,0.0,0.0,0.0,0.0,0.0,0.0,0.0028,0.0181,0.0106
2020-07-28,5112.98877,1748.0,63.0,1.149,1.08,0.0,0.0,0.0,62.5,0.7253,-18.8406,0.0,0.0,0.0,0.0,0.0,0.0,0.0027,0.0183,0.0106
2020-07-29,5149.629883,2381.0,74.0,1.1488,1.09,0.0,0.0,0.0,62.5,0.7253,-18.5948,0.0,0.0,0.0,0.0,0.0,0.0,0.0028,0.0182,0.0106
2020-07-30,5149.626953,1904.0,83.0,1.1484,1.06,0.0,0.0,0.0,62.5,0.7253,-18.3391,0.0,0.0,0.0,0.0,0.0,0.0,0.0029,0.018,0.0105
2020-08-03,5006.223145,1679.0,66.0,1.1454,1.04,0.0,0.0,0.0,62.5,0.7247,-17.3532,0.0,0.0,0.0,0.0,0.0,0.0,0.003,0.0176,0.0106
2020-08-04,5075.001953,1922.0,86.0,1.1446,1.05,0.0,0.0,0.0,62.5,0.7244,-17.1642,0.0,0.0,0.0,0.0,0.0,0.0,0.0029,0.0177,0.0107
2020-08-05,5127.050781,1815.0,64.0,1.1443,1.05,0.0,0.0,0.0,62.5,0.7244,-17.014,0.0,0.0,0.0,0.0,0.0,0.0,0.0029,0.0182,0.011
2020-08-06,5178.271973,1882.0,69.0,1.1438,1.07,0.0,0.0,0.0,62.5,0.7239,-16.9061,0.0,0.0,0.0,0.0,0.0,0.0,0.0029,0.0184,0.0112
2020-08-07,5143.893066,2473.0,72.0,1.1428,1.09,0.0,0.0,0.0,62.5,0.7235,-16.8416,0.0,0.0,0.0,0.0,0.0,0.0,0.0029,0.0181,0.0112
2020-08-10,5157.833984,1687.0,42.0,1.1399,1.05,0.0,0.0,0.0,62.5,0.7231,-16.9067,0.0,0.0,0.0,0.0,0.0,0.0,0.0027,0.0168,0.0109
2020-08-11,5190.169922,1693.0,59.0,1.1389,1.03,0.0,0.0,0.0,59.72,0.7229,-16.995,0.0,0.0,0.0,0.0,0.0,0.0,0.0027,0.0165,0.0109
2020-08-12,5233.452148,1942.0,79.0,1.1385,1.04,0.0,0.0,0.0,59.72,0.7233,-17.0947,0.0,0.0,0.0,0.0,0.0,0.0,0.0026,0.0162,0.0108
2020-08-13,5239.25,2098.0,65.0,1.1379,1.05,0.0,0.0,0.0,59.72,0.723,-17.1908,0.0,0.0,0.0,0.0,0.0,0.0,0.0026,0.0161,0.0108
2020-08-14,5247.689941,2307.0,53.0,1.1367,1.06,0.0,0.0,0.0,59.72,0.7228,-17.2717,0.0,0.0,0.0,0.0,0.0,0.0,0.0026,0.0161,0.0107
2020-08-18,5295.173828,1673.0,70.0,1.1321,1.01,0.0,0.0,0.0,59.72,0.7236,-17.3836,0.0,0.0,0.0,0.0,0.0,0.0,0.0028,0.0158,0.0106
2020-08-19,5272.810059,1902.0,69.0,1.1315,1.02,0.0,0.0,0.0,59.72,0.7241,-17.3655,0.0,0.0,0.0,0.0,0.0,0.0,0.003,0.0156,0.0106
2020-08-24,5277.041016,1877.0,79.0,1.1256,1.11,0.0,0.0,0.0,59.72,0.7286,-17.1626,0.0,0.0,0.0,0.0,0.0,0.0,0.0033,0.0163,0.0109
2020-08-25,5338.888184,2447.0,99.0,1.1243,1.15,0.0,0.0,0.0,59.72,0.7301,-17.1092,0.0,0.0,0.0,0.0,0.0,0.0,0.0034,0.0166,0.011
2020-08-26,5340.328125,2306.0,86.0,1.1236,1.16,0.0,0.0,0.0,59.72,0.7318,-17.0442,0.0,0.0,0.0,0.0,0.0,0.0,0.0034,0.0172,0.0111
2020-08-27,5371.472168,2719.0,120.0,1.1229,1.19,0.0,0.0,0.0,59.72,0.733,-16.9671,0.0,0.0,0.0,0.0,0.0,0.0,0.0033,0.0177,0.0112
2020-08-28,5346.65918,3003.0,105.0,1.1215,1.22,0.0,0.0,0.0,59.72,0.7342,-16.8823,0.0,0.0,0.0,0.0,0.0,0.0,0.0032,0.018,0.0112
2020-08-31,5238.486816,2743.0,74.0,1.1171,1.21,0.0,0.0,0.0,59.72,0.7381,-16.6718,0.0,0.0,0.0,0.0,0.0,0.0,0.0032,0.0182,0.0111
2020-09-01,5310.679199,2775.0,88.0,1.1157,1.19,0.0,0.0,0.0,59.72,0.7393,-16.6345,0.0,0.0,0.0,0.0,0.0,0.0,0.0032,0.0182,0.0111
2020-09-02,5311.970215,3075.0,111.0,1.115,1.18,0.0,0.0,0.0,59.72,0.7404,-16.6102,0.0,0.0,0.0,0.0,0.0,0.0,0.0032,0.0178,0.0109
2020-09-03,5280.812988,3622.0,134.0,1.1142,1.17,0.0,0.0,0.0,59.72,0.7414,-16.5952,0.0,0.0,0.0,0.0,0.0,0.0,0.0032,0.0177,0.0109
2020-09-04,5239.851074,3269.0,82.0,1.1126,1.15,0.0,0.0,0.0,59.72,0.742,-16.5897,0.0,0.0,0.0,0.0,0.0,0.0,0.0033,0.0176,0.0109
2020-09-07,5230.195801,2880.0,105.0,1.108,1.13,0.0,0.0,0.0,59.72,0.7451,-16.7333,0.0,0.0,0.0,0.0,0.0,0.0,0.0033,0.0173,0.0108
2020-09-08,5244.071777,3046.0,100.0,1.1064,1.13,0.0,0.0,0.0,59.72,0.7466,-16.8676,0.0,0.0,0.0,0.0,0.0,0.0,0.0032,0.0174,0.0108
2020-09-09,5149.375977,3307.0,106.0,1.1057,1.12,0.0,0.0,0.0,59.72,0.7482,-17.0514,0.0,0.0,0.0,0.0,0.0,0.0,0.0031,0.0176,0.0107
2020-09-10,4891.460938,3861.0,120.0,1.1048,1.13,0.0,0.0,0.0,59.72,0.7498,-17.2887,0.0,0.0,0.0,0.0,0.0,0.0,0.003,0.0178,0.0107
2020-09-11,5016.711914,3737.0,88.0,1.1032,1.13,0.0,0.0,0.0,59.72,0.7517,-17.5848,0.0,0.0,0.0,0.0,0.0,0.0,0.003,0.0179,0.0106
2020-09-14,5161.828125,3141.0,118.0,1.0983,1.11,0.0,0.0,0.0,68.98,0.7585,-18.8345,0.0,0.0,0.0,0.0,0.0,0.0,0.0029,0.0186,0.0106
2020-09-15,5100.865234,3507.0,124.0,1.0967,1.11,0.0,0.0,0.0,68.98,0.7613,-19.3277,0.0,0.0,0.0,0.0,0.0,0.0,0.0029,0.0186,0.0105
2020-09-16,5058.481934,3963.0,135.0,1.0959,1.1,0.0,0.0,0.0,68.98,0.7638,-19.8185,0.0,0.0,0.0,0.0,0.0,0.0,0.0029,0.0188,0.0106
2020-09-17,5038.400879,3635.0,122.0,1.095,1.09,0.0,0.0,0.0,68.98,0.7662,-20.2858,0.0,0.0,0.0,0.0,0.0,0.0,0.0029,0.019,0.0107
2020-09-18,5059.223145,3891.0,114.0,1.0934,1.1,0.0,0.0,0.0,68.98,0.7682,-20.7151,0.0,0.0,0.0,0.0,0.0,0.0,0.0029,0.0193,0.0108
2020-09-21,4999.359863,4176.0,124.0,1.0883,1.14,0.0,0.0,0.0,68.98,0.7732,-21.6948,0.0,0.0,0.0,0.0,0.0,0.0,0.0029,0.0201,0.0108
2020-09-22,4934.092773,4071.0,160.0,1.0866,1.13,0.0,0.0,0.0,68.98,0.7743,-21.8923,0.0,0.0,0.0,0.0,0.0,0.0,0.0029,0.0205,0.0108
2020-09-23,4917.955078,4465.0,140.0,1.0858,1.12,0.0,0.0,0.0,72.69,0.775,-22.0124,0.0,0.0,0.0,0.0,0.0,0.0,0.0028,0.0207,0.0108
2020-09-24,4842.755859,4634.0,128.0,1.0849,1.11,0.0,0.0,0.0,72.69,0.7755,-22.0535,0.0,0.0,0.0,0.0,0.0,0.0,0.0027,0.0206,0.0106
2020-09-25,4945.791016,4823.0,113.0,1.0832,1.09,0.0,0.0,0.0,72.69,0.7753,-22.0211,0.0,0.0,0.0,0.0,0.0,0.0,0.0026,0.0204,0.0105
2020-09-28,4906.547852,3509.0,87.0,1.0781,1.03,0.0,0.0,0.0,72.69,0.7734,-21.6167,0.0,0.0,0.0,0.0,0.0,0.0,0.0024,0.0203,0.0103
2020-09-29,4879.098145,4002.0,128.0,1.0764,1.02,0.0,0.0,0.0,72.69,0.7725,-21.4195,0.0,0.0,0.0,0.0,0.0,0.0,0.0024,0.0202,0.0103
2020-09-30,4870.039063,4284.0,139.0,1.0755,1.01,0.0,0.0,0.0,72.69,0.7714,-21.2055,0.0,0.0,0.0,0.0,0.0,0.0,0.0023,0.0202,0.0102
2020-10-01,4970.094238,4174.0,116.0,1.0746,1.0,0.0,0.0,0.0,72.69,0.7702,-20.9845,0.0,0.0,0.0,0.0,0.0,0.0,0.0024,0.0204,0.0103
2020-10-02,4926.733887,4317.0,116.0,1.0729,1.0,0.0,0.0,0.0,72.69,0.7687,-20.7691,0.0,0.0,0.0,0.0,0.0,0.0,0.0024,0.0207,0.0104
2020-10-05,4958.769043,3622.0,102.0,1.0678,1.02,0.0,0.0,0.0,72.69,0.7642,-20.2821,0.0,0.0,0.0,0.0,0.0,0.0,0.0022,0.0215,0.0106
2020-10-06,4999.221191,4056.0,121.0,1.066,1.03,0.0,0.0,0.0,72.69,0.7628,-20.1883,0.0,0.0,0.0,0.0,0.0,0.0,0.0021,0.0216,0.0106
2020-10-07,5004.327148,4538.0,98.0,1.0652,1.03,0.0,0.0,0.0,72.69,0.7614,-20.1205,0.0,0.0,0.0,0.0,0.0,0.0,0.0021,0.0215,0.0106
2020-10-08,5039.14209,4850.0,108.0,1.0643,1.02,0.0,0.0,0.0,72.69,0.7598,-20.071,0.0,0.0,0.0,0.0,0.0,0.0,0.002,0.0217,0.0107
2020-10-09,5053.663086,4094.0,97.0,1.0626,1.01,0.0,0.0,0.0,72.69,0.7578,-20.034,0.0,0.0,0.0,0.0,0.0,0.0,0.002,0.0216,0.0106
2020-10-12,5093.099121,3267.0,91.0,1.0575,1.0,0.0,0.0,0.0,50.46,0.7523,-19.959,0.0,0.0,0.0,0.0,0.0,0.0,0.002,0.0212,0.0102
2020-10-13,5132.571777,3906.0,92.0,1.0558,0.99,0.0,0.0,0.0,50.46,0.7508,-19.9355,0.0,0.0,0.0,0.0,0.0,0.0,0.002,0.0215,0.0102
2020-10-14,5176.099121,4127.0,129.0,1.0549,0.99,0.0,0.0,0.0,50.46,0.7496,-19.9104,0.0,0.0,0.0,0.0,0.0,0.0,0.002,0.022,0.0102
2020-10-15,5105.149902,4411.0,112.0,1.0541,0.99,0.0,0.0,0.0,50.46,0.7488,-19.8865,0.0,0.0,0.0,0.0,0.0,0.0,0.002,0.0223,0.0102
2020-10-16,5103.414063,4301.0,79.0,1.0524,0.99,0.0,0.0,0.0,50.46,0.7481,-19.8686,0.0,0.0,0.0,0.0,0.0,0.0,0.0021,0.0227,0.0102
2020-10-19,5126.330078,3373.0,106.0,1.0474,0.98,0.0,0.0,0.0,50.46,0.7468,-19.911,0.0,0.0,0.0,0.0,0.0,0.0,0.0022,0.0236,0.0104
2020-10-20,5099.839844,3602.0,117.0,1.0457,0.98,0.0,0.0,0.0,50.46,0.7465,-19.9773,0.0,0.0,0.0,0.0,0.0,0.0,0.0023,0.0238,0.0105
2020-10-21,5096.445801,4267.0,123.0,1.0449,0.98,0.0,0.0,0.0,50.46,0.7464,-20.0784,0.0,0.0,0.0,0.0,0.0,0.0,0.0024,0.0238,0.0105
2020-10-22,5091.815918,4432.0,102.0,1.0441,0.98,0.0,0.0,0.0,50.46,0.7463,-20.2174,0.0,0.0,0.0,0.0,0.0,0.0,0.0025,0.0237,0.0104
2020-10-23,5112.187988,4369.0,118.0,1.0424,0.97,0.0,0.0,0.0,50.46,0.7462,-20.3953,0.0,0.0,0.0,0.0,0.0,0.0,0.0025,0.0237,0.0103
2020-10-26,5144.048828,3222.0,112.0,1.0376,0.94,0.0,0.0,0.0,50.46,0.7441,-21.0962,0.0,0.0,0.0,0.0,0.0,0.0,0.0023,0.024,0.0102
2020-10-27,5128.225098,3520.0,101.0,1.036,0.92,0.0,0.0,0.0,50.46,0.743,-21.3245,0.0,0.0,0.0,0.0,0.0,0.0,0.0023,0.0236,0.01
2020-11-02,5115.12793,2618.0,101.0,1.0281,0.91,0.0,0.0,0.0,50.46,0.7373,-21.1178,0.0,0.0,0.0,0.0,0.0,0.0,0.0023,0.0225,0.0104
2020-11-03,5159.452148,2973.0,102.0,1.0265,0.95,0.0,0.0,0.0,50.46,0.7363,-20.7977,0.0,0.0,0.0,0.0,0.0,0.0,0.0023,0.0232,0.0106
2020-11-04,5105.199219,3356.0,113.0,1.0258,0.98,0.0,0.0,0.0,50.46,0.7351,-20.4365,0.0,0.0,0.0,0.0,0.0,0.0,0.0024,0.024,0.0108
2020-11-05,5260.326172,4065.0,89.0,1.025,1.02,0.0,0.0,0.0,50.46,0.734,-20.0558,0.0,0.0,0.0,0.0,0.0,0.0,0.0024,0.0248,0.011
2020-11-06,5335.528809,3778.0,94.0,1.0235,1.04,0.0,0.0,0.0,50.46,0.7332,-19.6782,0.0,0.0,0.0,0.0,0.0,0.0,0.0024,0.025,0.011
2020-11-09,5356.004883,2853.0,75.0,1.019,1.07,0.0,0.0,0.0,50.46,0.7322,-18.7566,0.0,0.0,0.0,0.0,0.0,0.0,0.0022,0.0247,0.0109
2020-11-10,5462.73877,3779.0,72.0,1.0175,1.09,0.0,0.0,0.0,50.46,0.7319,-18.5508,0.0,0.0,0.0,0.0,0.0,0.0,0.0023,0.0249,0.0111
2020-11-11,5509.513184,3770.0,75.0,1.0168,1.1,0.0,0.0,0.0,50.46,0.7315,-18.3995,0.0,0.0,0.0,0.0,0.0,0.0,0.0024,0.0253,0.0112
2020-11-12,5458.602051,4173.0,97.0,1.0161,1.12,0.0,0.0,0.0,50.46,0.7314,-18.3019,0.0,0.0,0.0,0.0,0.0,0.0,0.0025,0.025,0.0112
2020-11-13,5461.058105,5444.0,104.0,1.0147,1.15,0.0,0.0,0.0,50.46,0.732,-18.2557,0.0,0.0,0.0,0.0,0.0,0.0,0.0025,0.0246,0.0111
2020-11-16,5494.87207,3535.0,85.0,1.0104,1.09,0.0,0.0,0.0,50.46,0.736,-18.3629,0.0,0.0,0.0,0.0,0.0,0.0,0.003,0.024,0.0107
2020-11-17,5529.939941,3807.0,97.0,1.009,1.08,0.0,0.0,0.0,50.46,0.7376,-18.4431,0.0,0.0,0.0,0.0,0.0,0.0,0.0029,0.0238,0.0106
2020-11-18,5557.518066,4265.0,110.0,1.0083,1.07,0.0,0.0,0.0,50.46,0.7392,-18.5266,0.0,0.0,0.0,0.0,0.0,0.0,0.0028,0.0234,0.0104
2020-11-19,5594.059082,4798.0,97.0,1.0076,1.08,0.0,0.0,0.0,64.35,0.7406,-18.6072,0.0,0.0,0.0,0.0,0.0,0.0,0.0029,0.0236,0.0104
2020-11-20,5571.655762,4792.0,78.0,1.0063,1.08,0.0,0.0,0.0,64.35,0.7419,-18.6812,0.0,0.0,0.0,0.0,0.0,0.0,0.003,0.0241,0.0104
2020-11-23,5652.76416,4442.0,118.0,1.0023,1.11,0.0,0.0,0.0,64.35,0.7464,-18.8323,0.0,0.0,0.0,0.0,0.0,0.0,0.003,0.0255,0.0108
2020-11-24,5701.028809,4192.0,109.0,1.001,1.11,0.0,0.0,0.0,64.35,0.7478,-18.8393,0.0,0.0,0.0,0.0,0.0,0.0,0.0032,0.0256,0.0109
2020-11-25,5679.24707,5534.0,114.0,1.0003,1.12,0.0,0.0,0.0,64.35,0.7486,-18.817,0.0,0.0,0.0,0.0,0.0,0.0,0.0034,0.0257,0.0109
2020-11-26,5759.916016,4917.0,127.0,0.9997,1.12,0.0,0.0,0.0,64.35,0.7492,-18.7709,0.0,0.0,0.0,0.0,0.0,0.0,0.0034,0.026,0.0109
2020-11-27,5783.334961,5828.0,169.0,0.9985,1.14,0.0,0.0,0.0,64.35,0.7495,-18.711,0.0,0.0,0.0,0.0,0.0,0.0,0.0035,0.0263,0.0109
2020-11-30,5612.415039,4617.0,130.0,0.9948,1.14,0.0,0.0,0.0,64.35,0.7512,-18.561,0.0,0.0,0.0,0.0,0.0,0.0,0.0034,0.0263,0.0105
2020-12-01,5724.742188,5092.0,136.0,0.9935,1.14,0.0,0.0,0.0,64.35,0.7517,-18.5388,0.0,0.0,0.0,0.0,0.0,0.0,0.0033,0.0265,0.0104
2020-12-02,5813.986816,5533.0,118.0,0.9929,1.15,0.0,0.0,0.0,64.35,0.7519,-18.5264,0.0,0.0,0.0,0.0,0.0,0.0,0.0032,0.0268,0.0104
2020-12-03,5822.941895,8369.0,156.0,0.9923,1.17,0.0,0.0,0.0,64.35,0.752,-18.519,0.0,0.0,0.0,0.0,0.0,0.0,0.0031,0.0271,0.0104
2020-12-04,5810.48291,5803.0,124.0,0.9912,1.12,0.0,0.0,0.0,64.35,0.7519,-18.5106,0.0,0.0,0.0,0.0,0.0,0.0,0.0031,0.0275,0.0105
2020-12-07,5930.758789,5754.0,127.0,0.9878,1.08,0.0,0.0,0.0,62.5,0.7521,-18.4287,0.0,0.0,0.0,0.0,0.0,0.0,0.0033,0.0279,0.0108
2020-12-08,5944.40918,5292.0,133.0,0.9867,1.06,0.0,0.0,0.0,62.5,0.7527,-18.3724,0.0,0.0,0.0,0.0,0.0,0.0,0.0033,0.0279,0.0108
2020-12-10,5933.698242,6033.0,165.0,0.9856,1.04,0.0,0.0,0.0,62.5,0.753,-18.2335,0.0,0.0,0.0,0.0,0.0,0.0,0.0034,0.0275,0.0108
2020-12-11,5938.329102,6310.0,175.0,0.9845,1.05,0.0,0.0,0.0,62.5,0.753,-18.1644,0.0,0.0,0.0,0.0,0.0,0.0,0.0034,0.0271,0.0107
2020-12-14,6012.516113,5489.0,137.0,0.9815,1.07,0.0,0.0,0.0,62.5,0.7544,-18.0015,0.0,0.0,0.0,0.0,0.0,0.0,0.0032,0.0275,0.0108
2020-12-15,6010.12793,6120.0,155.0,0.9804,1.08,0.0,0.0,0.0,62.5,0.7547,-17.9657,0.0,0.0,0.0,0.0,0.0,0.0,0.0031,0.0277,0.0108
2020-12-16,6118.401855,6725.0,137.0,0.9799,1.09,0.0,0.0,0.0,62.5,0.755,-17.9386,0.0,0.0,0.0,0.0,0.0,0.0,0.003,0.0279,0.0107
2020-12-17,6113.381836,7354.0,142.0,0.9794,1.09,0.0,0.0,0.0,62.5,0.755,-17.9186,0.0,0.0,0.0,0.0,0.0,0.0,0.0031,0.0284,0.0106
2020-12-18,6104.324219,6689.0,124.0,0.9785,1.09,0.0,0.0,0.0,62.5,0.7549,-17.9038,0.0,0.0,0.0,0.0,0.0,0.0,0.0033,0.0289,0.0105
2020-12-21,6165.624023,6848.0,205.0,0.9758,1.09,0.0,0.0,0.0,68.06,0.7549,-17.8772,0.0,0.0,0.0,0.0,0.0,0.0,0.0035,0.0299,0.0105
2020-12-22,6023.289063,6347.0,172.0,0.9749,1.07,0.0,0.0,0.0,68.06,0.7552,-17.8723,0.0,0.0,0.0,0.0,0.0,0.0,0.0038,0.0301,0.0105
2020-12-23,6008.708984,7514.0,151.0,0.9744,1.06,0.0,0.0,0.0,68.06,0.7555,-17.8695,0.0,0.0,0.0,0.0,0.0,0.0,0.0039,0.03,0.0105
2020-12-28,6093.554199,5854.0,215.0,0.9708,1.06,0.0,0.0,0.0,68.06,0.7568,-17.8987,0.0,0.0,0.0,0.0,0.0,0.0,0.0042,0.029,0.011
2020-12-29,6036.173828,7903.0,251.0,0.97,1.08,0.0,0.0,0.0,68.06,0.7575,-17.9078,0.0,0.0,0.0,0.0,0.0,0.0,0.0041,0.0287,0.0111
2020-12-30,5979.073242,8002.0,241.0,0.9696,1.08,0.0,0.0,0.0,68.06,0.7583,-17.9174,0.0,0.0,0.0,0.0,0.0,0.0,0.0041,0.0283,0.0111
2021-01-04,6104.897949,6753.0,177.0,0.9545,1.09,0.0,0.0,0.0,68.06,0.7589,-18.7079,0.0,0.0,0.0,0.0,0.0,0.0,0.0036,0.0269,0.0107
2021-01-05,6137.342773,7445.0,198.0,0.9537,1.11,0.0,0.0,0.0,68.06,0.7588,-19.1771,0.0,0.0,0.0,0.0,0.0,0.0,0.0037,0.0275,0.0107
2021-01-06,6065.682129,8854.0,187.0,0.9528,1.14,0.0,0.0,0.0,68.06,0.7587,-19.7793,0.0,0.0,0.0,0.0,0.0,0.0,0.0037,0.0284,0.0108
2021-01-07,6153.632813,9321.0,224.0,0.952,1.17,0.0,0.0,0.0,68.06,0.7585,-20.5172,0.0,0.0,0.0,0.0,0.0,0.0,0.0037,0.0293,0.0108
2021-01-08,6257.834961,10617.0,233.0,0.9516,1.19,0.0,0.0,0.0,68.06,0.7583,-21.3889,0.0,0.0,0.0,0.0,0.0,0.0,0.0037,0.0299,0.0108
2021-01-11,6382.937012,8692.0,214.0,0.95,1.2,0.0,0.0,0.0,68.06,0.7577,-24.6808,0.0,0.0,0.0,0.0,0.0,0.0,0.0043,0.0312,0.011
2021-01-12,6395.668945,10047.0,302.0,0.9494,1.2,0.0,0.0,0.0,68.06,0.7578,-25.9008,0.0,0.0,0.0,0.0,0.0,0.0,0.0043,0.0314,0.011
2021-01-13,6435.205078,11278.0,306.0,0.9488,1.2,0.0,0.0,0.0,68.06,0.7578,-27.1016,0.0,0.0,0.0,0.0,0.0,0.0,0.0043,0.0318,0.0111
2021-01-14,6428.314941,11557.0,295.0,0.9481,1.21,0.0,0.0,0.0,68.06,0.758,-28.2326,0.0,0.0,0.0,0.0,0.0,0.0,0.0044,0.0321,0.011
2021-01-15,6373.412109,12818.0,238.0,0.9478,1.21,0.0,0.0,0.0,68.06,0.7585,-29.247,0.0,0.0,0.0,0.0,0.0,0.0,0.0044,0.0319,0.0108
2021-01-18,6389.833984,9086.0,295.0,0.9467,1.12,0.0,0.0,0.0,68.06,0.7609,-31.2583,0.0,0.0,0.0,0.0,0.0,0.0,0.0042,0.0325,0.0102
2021-01-19,6321.855957,10365.0,308.0,0.9463,1.1,0.0,0.0,0.0,68.06,0.7617,-31.5359,0.0,0.0,0.0,0.0,0.0,0.0,0.0042,0.0331,0.0101
2021-01-20,6429.757813,12568.0,267.0,0.9459,1.1,0.0,0.0,0.0,68.06,0.7627,-31.6248,0.0,0.0,0.0,0.0,0.0,0.0,0.0041,0.0337,0.01
2021-01-21,6413.89209,11703.0,346.0,0.9454,1.09,0.0,0.0,0.0,64.35,0.7637,-31.5459,0.0,0.0,0.0,0.0,0.0,0.0,0.0039,0.0342,0.01
2021-01-22,6307.126953,13632.0,250.0,0.9452,1.09,0.0,0.0,0.0,64.35,0.7647,-31.3275,0.0,132000.0,0.0,132000.0,0.0,0.0,0.0038,0.0352,0.0101
2021-01-25,6258.571777,9994.0,297.0,0.9447,1.08,0.0,0.0,0.0,64.35,0.7683,-30.1836,0.0,161959.0,12717.0,161959.0,2734.0,0.0,0.004,0.038,0.0104
2021-01-26,6140.170898,13094.0,336.0,0.9444,1.08,0.0,0.0,0.0,64.35,0.7697,-29.7428,0.0,245685.0,83726.0,245685.0,3645.33333333333,0.0,0.004,0.0384,0.0106
2021-01-27,6109.167969,11948.0,387.0,0.9442,1.07,0.0,0.0,0.0,64.35,0.7708,-29.3101,0.0,308003.0,62318.0,308003.0,4556.66666666667,0.0,0.0038,0.0387,0.0107
2021-01-28,5979.387207,13695.0,476.0,0.944,1.07,0.0,0.0,0.0,64.35,0.772,-28.905,0.0,373786.0,65783.0,368318.0,5468.0,0.0,0.0038,0.0388,0.0108
2021-01-29,5862.352051,13802.0,187.0,0.9439,1.06,0.0,0.0,0.0,64.35,0.7733,-28.5462,0.0,416299.0,42513.0,405012.0,11287.0,0.0,0.0038,0.0385,0.0108
2021-02-01,6067.544922,10994.0,279.0,0.9439,1.0,0.0,0.0,0.0,69.91,0.7776,-27.8905,0.0,574938.0,59257.0,539532.0,35406.0,0.0,0.0031,0.0364,0.0103
2021-02-02,6043.84082,10379.0,304.0,0.9439,0.97,0.0,0.0,0.0,69.91,0.7788,-27.8154,0.0,648259.0,73321.0,596260.0,51999.0,0.0,0.0029,0.0359,0.0101
2021-02-03,6077.745117,11984.0,189.0,0.944,0.95,0.0,0.0,0.0,69.91,0.7799,-27.7878,0.0,717647.0,69388.0,646026.0,71621.0,0.0,0.0029,0.0356,0.01
2021-02-04,6107.21582,11434.0,231.0,0.944,0.94,0.0,0.0,0.0,69.91,0.7809,-27.7893,0.0,796819.0,79172.0,700266.0,96553.0,0.0,0.0029,0.0357,0.01
2021-02-05,6151.729004,11749.0,201.0,0.944,0.93,0.0,0.0,0.0,69.91,0.7818,-27.8058,0.0,865609.0,68790.0,744884.0,120725.0,62223.3064888128,0.0028,0.0356,0.01
2021-02-08,6208.866211,8242.0,207.0,0.9446,0.87,0.0,0.0,0.0,68.06,0.7844,-27.8874,0.0,985855.0,62406.0,814585.0,171270.0,76345.6401183456,0.0027,0.0338,0.0104
2021-02-09,6181.671875,8700.0,213.0,0.9449,0.84,0.0,0.0,0.0,68.06,0.785,-27.9201,0.0,1066860.0,81005.0,845407.0,221453.0,115813.129202303,0.0027,0.0329,0.0105
2021-02-10,6201.828125,8776.0,191.0,0.9451,0.83,0.0,0.0,0.0,68.06,0.7855,-27.9567,0.0,1248797.0,181937.0,969546.0,279251.0,145189.129306619,0.0029,0.0318,0.0104
2021-02-11,6222.520996,8435.0,214.0,0.9454,0.83,0.0,0.0,0.0,68.06,0.7858,-27.9958,0.0,1362791.0,113994.0,1017186.0,345605.0,173620.937873837,0.003,0.0302,0.0103
2021-02-15,6270.324219,6462.0,184.0,0.9469,0.88,0.0,0.0,0.0,68.06,0.7863,-27.9938,0.0,1578720.0,84395.0,1096095.0,482625.0,255613.711871723,0.0029,0.0317,0.0102
2021-02-16,6292.395996,10029.0,229.0,0.9474,0.93,0.0,0.0,0.0,68.06,0.786,-27.9081,0.0,1658110.0,79390.0,1120963.0,537147.0,283925.011419788,0.0028,0.0328,0.0102
2021-02-17,6227.728027,9687.0,192.0,0.9479,0.95,0.0,0.0,0.0,68.06,0.7854,-27.7774,0.0,1747267.0,89157.0,1149939.0,597328.0,308761.778683026,0.0027,0.0334,0.0103
2021-02-18,6200.308105,9039.0,181.0,0.9485,0.95,0.0,0.0,0.0,68.06,0.7845,-27.6002,0.0,1787976.0,40709.0,1164144.0,623832.0,335831.389589228,0.0026,0.0342,0.0105
2021-02-19,6231.932129,10614.0,183.0,0.9487,0.96,0.0,0.0,0.0,68.06,0.7834,-27.3763,0.0,0.0,0.0,1194117.5,678233.0,358098.939357165,0.0026,0.0366,0.0111
2021-02-22,6255.312012,10180.0,202.0,0.9508,0.97,0.0,0.0,0.0,68.06,0.7798,-26.4296,0.0,0.0,0.0,1254633.66666667,770855.333333333,392884.686956227,0.0031,0.0369,0.0114
2021-02-23,6272.807129,9775.0,323.0,0.9516,0.94,0.0,0.0,0.0,68.06,0.7789,-26.0234,0.0,2059871.0,0.0,1269905.0,789966.0,408267.053242197,0.0033,0.0364,0.0114
2021-02-24,6251.054199,7533.0,240.0,0.9524,0.9,0.0,0.0,0.0,68.06,0.7781,-25.5832,0.0,2188788.0,128917.0,1363138.0,825650.0,470221.227804974,0.0035,0.0358,0.0113
2021-02-25,6289.645996,8493.0,264.0,0.9532,0.88,0.0,0.0,0.0,68.06,0.7776,-25.128,0.0,2315665.0,126877.0,1461920.0,853745.0,493996.970127456,0.0035,0.0356,0.0112
2021-02-26,6241.795898,8232.0,268.0,0.9537,0.85,0.0,0.0,0.0,68.06,0.7774,-24.6829,0.0,2449451.0,133786.0,1583581.0,865870.0,504761.931544247,0.0035,0.035,0.0112
2021-03-01,6338.513184,6680.0,159.0,0.9564,0.83,0.0,0.0,0.0,71.76,0.7774,-23.6715,0.0,0.0,0.0,1829890.5,1026865.0,538899.399460934,0.0032,0.0341,0.0115
2021-03-02,6359.205078,5712.0,193.0,0.9575,0.83,0.0,0.0,0.0,71.76,0.7775,-23.4878,0.0,3023348.0,0.0,1968057.0,1055291.0,556831.533016719,0.003,0.0341,0.0118
2021-03-03,6376.756836,6808.0,203.0,0.9586,0.85,0.0,0.0,0.0,71.76,0.7774,-23.3762,0.0,3386351.0,363003.0,2286123.0,1100228.0,584002.767904528,0.0028,0.0341,0.0122
2021-03-04,6290.798828,7264.0,176.0,0.9597,0.86,0.0,0.0,0.0,71.76,0.7777,-23.3286,0.0,0.0,0.0,2349869.0,1107382.5,593639.408943809,0.0027,0.0343,0.0124
2021-03-05,6258.749023,6971.0,129.0,0.9602,0.87,0.0,0.0,0.0,71.76,0.7781,-23.3373,0.0,3528152.0,0.0,2413615.0,1114537.0,611145.651007689,0.0028,0.0346,0.0126
2021-03-08,6248.464844,6894.0,281.0,0.9636,0.89,0.0,0.0,0.0,71.76,0.7766,-23.6054,0.0,0.0,0.0,3117404.0,1176817.33333333,669471.445984431,0.003,0.0346,0.0123
2021-03-09,6199.646973,6389.0,210.0,0.9649,0.88,0.0,0.0,0.0,71.76,0.775,-23.7125,0.0,0.0,0.0,3346051.0,1219847.66666667,686229.829535283,0.003,0.0345,0.0122
2021-03-10,6264.679199,5633.0,175.0,0.9662,0.85,0.0,0.0,0.0,71.76,0.7735,-23.7863,0.0,4837576.0,0.0,3574698.0,1262878.0,741896.619838819,0.0031,0.035,0.0122
2021-03-12,6358.208984,6412.0,180.0,0.9683,0.86,0.0,0.0,0.0,71.76,0.7712,-23.7597,0.0,5108536.0,116862.0,3769174.0,1339362.0,859684.733191625,0.003,0.0353,0.0126
2021-03-15,6324.258789,5589.0,147.0,0.9722,0.92,0.0,0.0,0.0,71.76,0.7687,-23.3145,0.0,5739648.0,259302.0,4166862.0,1572786.0,995579.173717873,0.0032,0.0373,0.0137
2021-03-16,6309.699219,5414.0,180.0,0.9737,0.94,47064.0,0.0,0.0,71.76,0.7678,-23.1157,0.0,6185700.0,446052.0,4468951.0,1716749.0,1073682.37229377,0.0035,0.0377,0.0138
2021-03-17,6277.228027,6825.0,162.0,0.9753,0.97,58752.0,0.0,0.0,71.76,0.7673,-22.9128,0.0,6581388.0,395688.0,4705248.0,1876140.0,1235132.69381726,0.0036,0.0379,0.014
2021-03-18,6347.829102,6570.0,227.0,0.9769,0.97,35943.0,0.0,0.0,71.76,0.7668,-22.7169,0.0,6787283.0,205895.0,4838752.0,1948531.0,1270932.6231926,0.0037,0.0379,0.0139
2021-03-19,6356.160156,6279.0,197.0,0.9777,0.96,45963.0,0.0,0.0,71.76,0.7668,-22.5379,0.0,7027463.0,240180.0,4959063.0,2068400.0,1306205.35048636,0.0037,0.0378,0.0138
2021-03-22,6301.130859,5744.0,161.0,0.9821,0.94,37582.0,0.1384,7.2,71.76,0.7693,-22.1631,0.0,7879881.0,44524.0,5567280.0,2312601.0,1666859.71551814,0.0034,0.0368,0.0137
2021-03-23,6252.711914,5297.0,154.0,0.9839,0.93,50125.0,0.1366,7.3,71.76,0.77,-22.083,0.0,8226632.0,346751.0,5732210.0,2494422.0,1782723.70068731,0.0031,0.0366,0.0137
2021-03-24,6156.140137,5227.0,118.0,0.9856,0.92,49788.0,0.1353,7.4,71.76,0.7706,-22.013,0.0,8687796.0,461164.0,5978251.0,2709545.0,1901828.94167692,0.0031,0.0361,0.0137
2021-03-25,6122.875977,6107.0,98.0,0.9874,0.91,53162.0,0.1262,7.9,71.76,0.7711,-21.9531,0.0,9330853.0,643057.0,6389837.0,2941016.0,1976276.16317054,0.0033,0.0362,0.0138
2021-03-26,6195.562012,4982.0,85.0,0.9883,0.91,51619.0,0.1198,8.4,71.76,0.7718,-21.9098,0.0,10117812.0,786959.0,6969201.0,3148611.0,2034370.55162306,0.0034,0.0364,0.0139
2021-03-29,6166.817871,5008.0,132.0,0.9932,0.94,39042.0,0.1098,9.1,71.76,0.7732,-21.957,0.0,10707915.0,218258.0,7394421.0,3313494.0,2241422.72581594,0.0038,0.0377,0.0144
2021-03-30,6071.441895,4682.0,173.0,0.9951,0.96,48287.0,0.1085,9.2,71.76,0.7731,-22.0306,0.0,11229846.0,521931.0,7729582.0,3500264.0,2399188.11818537,0.004,0.038,0.0146
2021-03-31,5985.521973,5937.0,104.0,0.9971,0.98,45714.0,0.1122,8.9,71.76,0.7727,-22.1199,0.0,11805314.0,575468.0,8095717.0,3709597.0,2526748.43527737,0.0038,0.038,0.0148
2021-04-01,6011.456055,6142.0,196.0,0.999,0.99,54766.0,0.1117,9.0,71.76,0.7719,-22.1199,0.0,12200266.0,394952.0,8349475.0,3850791.0,2606818.48206577,0.0037,0.039,0.0151
2021-04-05,5970.286133,3712.0,146.0,1.0052,0.95,38347.0,0.1236,8.1,71.76,0.769,-20.495,0.0,13046407.0,402824.0,8838081.0,4208326.0,2986312.55337002,0.0036,0.0351,0.0152
2021-04-06,6002.77002,4549.0,162.0,1.0074,0.94,49759.0,0.1225,8.2,71.76,0.7683,-20.3359,0.0,13353717.0,307310.0,8975366.0,4378351.0,3073935.13305039,0.0036,0.0343,0.0152
2021-04-07,6036.616211,4860.0,87.0,1.0095,0.95,53457.0,0.1159,8.6,71.76,0.7677,-20.3534,0.0,13735337.0,381620.0,9187757.0,4547580.0,3205136.2430388,0.0037,0.034,0.0153
2021-04-08,6071.724121,5504.0,163.0,1.0116,0.96,54253.0,0.114,8.8,71.76,0.7672,-20.5768,0.0,13975000.0,239663.0,9309809.0,4665191.0,3409662.31777638,0.0037,0.0327,0.0151
2021-04-09,6070.208984,5265.0,121.0,1.0126,0.97,48180.0,0.1114,9.0,71.76,0.7671,-21.0277,0.0,14727509.0,752509.0,9784278.0,4943231.0,3716962.81522016,0.0037,0.032,0.0149
2021-04-12,5948.568848,4829.0,126.0,1.0182,1.01,34434.0,0.1076,9.3,71.76,0.7677,-23.6122,0.0,15572530.0,426965.0,10261791.0,5310739.0,3950791.09949722,0.0038,0.0341,0.0153
2021-04-13,5927.435059,5702.0,126.0,1.0204,1.04,50641.0,0.1109,9.0,71.76,0.7678,-24.6424,0.0,15805960.0,233430.0,10373963.0,5431997.0,4157152.63919443,0.0039,0.0343,0.0153
2021-04-14,6050.275879,5656.0,124.0,1.0226,1.04,44286.0,0.1169,8.6,71.76,0.7677,-25.5633,0.0,16046363.0,240403.0,10477506.0,5568857.0,4341317.29242446,0.004,0.0342,0.0153
2021-04-15,6079.500977,6177.0,167.0,1.0249,1.03,48728.0,0.1212,8.2,71.76,0.7681,-26.289,0.0,16309777.0,263414.0,10596373.0,5713404.0,4448950.10179551,0.0041,0.0343,0.0154
2021-04-16,6086.257813,5363.0,123.0,1.026,1.02,50098.0,0.1208,8.3,71.76,0.7684,-26.7811,0.0,16526130.0,216353.0,10706184.0,5819946.0,4486292.1452881,0.0041,0.0344,0.0154
2021-04-19,6052.540039,4952.0,143.0,1.0318,1.02,37267.0,0.122,8.2,71.76,0.7676,-26.9212,0.0,17017666.0,278326.0,10966934.0,6050732.0,4725089.72971815,0.0048,0.034,0.0153
2021-04-20,6038.321777,5549.0,210.0,1.0341,1.03,48107.0,0.1225,8.2,71.76,0.7673,-26.6072,0.0,17233178.0,215512.0,11101291.0,6131887.0,4797272.06413234,0.0048,0.034,0.0153
2021-04-21,5993.242188,5720.0,230.0,1.0364,1.02,47048.0,0.1216,8.2,71.76,0.767,-26.16,0.0,17591216.0,358038.0,11269213.0,6322003.0,4912399.44953651,0.0049,0.0338,0.0153
2021-04-22,5994.184082,6243.0,165.0,1.0387,1.01,55681.0,0.1191,8.4,71.76,0.7666,-25.6061,0.0,17920908.0,329692.0,11432711.0,6488197.0,4973005.31642193,0.0049,0.0335,0.0153
2021-04-23,6016.86377,5436.0,174.0,1.0399,1.0,41559.0,0.1227,8.2,71.76,0.766,-24.9686,0.0,18265027.0,344119.0,11587879.0,6677148.0,5179703.06872751,0.0049,0.0337,0.0155
2021-04-26,5964.820801,5944.0,177.0,1.0458,1.0,36867.0,0.1244,8.0,71.76,0.765,-22.7485,0.0,18842883.0,286656.0,11844579.0,6998304.0,5429836.97231342,0.0046,0.0326,0.0152
2021-04-27,5959.621094,4656.0,168.0,1.0482,0.99,51895.0,0.12,8.3,71.76,0.7646,-21.9519,0.0,19159802.0,316919.0,11981034.0,7178768.0,5495622.8952868,0.0047,0.0326,0.015
2021-04-28,5974.479004,5241.0,177.0,1.0506,0.98,41057.0,0.1208,8.3,71.76,0.764,-21.1522,0.0,19487346.0,327544.0,12112888.0,7374458.0,5553919.55972201,0.0047,0.033,0.0149
2021-04-29,6012.960938,5833.0,218.0,1.053,0.98,55483.0,0.1195,8.4,71.76,0.7641,-20.3826,0.0,19847136.0,359790.0,12280765.0,7566371.0,5612595.59903418,0.0047,0.0335,0.0149
2021-04-30,5995.616211,5500.0,187.0,1.0542,0.97,51664.0,0.1159,8.6,71.76,0.7642,-19.6911,0.0,20015745.0,168609.0,12385886.0,7629859.0,5670977.76574834,0.0047,0.0335,0.0148
2021-05-03,5952.597168,4730.0,153.0,1.0601,0.97,35713.0,0.1125,8.9,71.76,0.7639,-18.657,0.0,20372568.0,236919.0,12545372.0,7827196.0,5844716.99356441,0.0047,0.0337,0.0154
2021-05-04,5963.819824,4369.0,188.0,1.0625,0.98,51536.0,0.1117,9.0,71.76,0.764,-18.8304,0.0,20653919.0,281351.0,12672864.0,7981055.0,5911241.1397121,0.0045,0.034,0.0157
2021-05-05,5975.911133,5285.0,212.0,1.0649,1.0,51176.0,0.1083,9.2,71.76,0.7641,-19.3057,0.0,20984828.0,330909.0,12832886.0,8151942.0,5992742.61365609,0.0046,0.0347,0.016
2021-05-06,5970.240234,5647.0,147.0,1.0673,1.01,50122.0,0.1096,9.1,71.76,0.7639,-20.0726,0.0,21313654.0,328826.0,12995710.0,8317944.0,6068612.11966665,0.0047,0.0346,0.016
2021-05-07,5928.309082,6327.0,167.0,1.0685,1.03,46635.0,0.114,8.8,71.76,0.7641,-21.0967,0.0,21592945.0,279291.0,13136686.0,8456259.0,6145801.04679139,0.0048,0.034,0.0157
2021-05-10,5975.787109,4891.0,206.0,1.0744,0.93,31963.0,0.1194,8.4,71.76,0.7657,-25.101,0.0,22230343.0,254840.0,13475087.0,8755256.0,6287372.51563297,0.0048,0.0333,0.0148
2021-05-11,5938.351074,5021.0,247.0,1.0768,0.9,45090.0,0.1241,8.1,71.76,0.7659,-26.4098,0.0,22485737.0,255394.0,13615313.0,8870424.0,6358146.98637982,0.0046,0.0314,0.0144
2021-05-17,5833.859863,4295.0,212.0,1.0884,0.96,36988.0,0.1221,8.2,71.76,0.7667,-25.4643,0.0,22870037.0,161726.0,13803055.0,9066982.0,6670694.98367547,0.0046,0.0296,0.0158
2021-05-18,5834.394043,4185.0,172.0,1.0907,1.03,43504.0,0.119,8.4,71.76,0.7662,-23.9765,0.0,23199575.0,329538.0,13951975.0,9247600.0,6767259.53012727,0.005,0.0319,0.0164
2021-05-19,5760.583984,4871.0,192.0,1.0929,1.09,53158.0,0.1124,8.9,71.76,0.7654,-22.4321,0.0,23466389.0,266814.0,14099754.0,9366635.0,6848386.5003105,0.0052,0.0339,0.0168
2021-05-20,5797.597168,5797.0,218.0,1.0952,1.14,55741.0,0.1066,9.4,71.76,0.7643,-20.943,0.0,23905335.0,438946.0,14369233.0,9536102.0,6951831.59151153,0.0051,0.035,0.0168
2021-05-21,5773.120117,5746.0,186.0,1.0964,1.16,71775.0,0.0975,10.3,71.76,0.7627,-19.5883,0.0,24317577.0,412242.0,14606331.0,9711246.0,7062557.88184913,0.0048,0.0354,0.0167
2021-05-24,5763.631836,5907.0,127.0,1.1018,1.15,54406.0,0.0991,10.1,71.76,0.7585,-16.6756,0.0,24816571.0,53974.0,14919589.0,9896982.0,7368345.17455021,0.0043,0.0341,0.0158
2021-05-25,5815.839844,5060.0,172.0,1.1039,1.13,61861.0,0.0967,10.3,71.76,0.7577,-16.0574,0.0,25455786.0,639215.0,15330306.0,10125480.0,7467624.6771387,0.0042,0.0339,0.0157
2021-05-27,5841.828125,6278.0,136.0,1.1082,1.12,62386.0,0.096,10.4,71.76,0.7567,-15.1062,0.0,26063579.0,302748.0,15703583.0,10359996.0,7664673.76060319,0.0046,0.0346,0.0157
2021-05-28,5848.616211,5862.0,193.0,1.1093,1.12,73092.0,0.096,10.4,71.76,0.7568,-14.7179,0.0,26487346.0,423767.0,16000947.0,10486399.0,7753688.70223693,0.0049,0.0345,0.0157
2021-05-31,5947.462891,5662.0,174.0,1.1142,1.08,53491.0,0.0941,10.6,71.76,0.7581,-13.8459,0.0,27045507.0,156318.0,16413672.0,10631835.0,7993264.03940439,0.0056,0.0332,0.0156
2021-06-02,6031.578125,5246.0,185.0,1.1181,1.04,49731.0,0.0979,10.2,71.76,0.7607,-13.3808,0.0,27619247.0,310366.0,16766263.0,10852984.0,8216539.98426281,0.0056,0.0324,0.0161
2021-06-03,6091.513184,5353.0,187.0,1.1201,1.05,58367.0,0.0966,10.4,71.76,0.7619,-13.1535,0.0,28027750.0,408503.0,17042850.0,10984900.0,8348115.70707905,0.0055,0.0315,0.0163
2021-06-04,6065.166016,6486.0,201.0,1.1211,1.09,65207.0,0.1,10.0,71.76,0.7625,-12.9549,0.0,28347058.0,319308.0,17291504.0,11055554.0,8499069.52987074,0.0053,0.031,0.0165
2021-06-07,6069.935059,6993.0,191.0,1.1254,1.18,51495.0,0.1081,9.3,71.76,0.7618,-12.7634,0.0,28972987.0,202627.0,17775918.0,11197069.0,8851667.58611476,0.005,0.0312,0.017
2021-06-08,5999.369141,6294.0,189.0,1.1271,1.2,69184.0,0.107,9.3,71.76,0.7607,-12.8663,0.0,29616507.0,643520.0,18260482.0,11356025.0,9076515.03812781,0.0049,0.0312,0.0169
2021-06-09,6047.475098,7725.0,170.0,1.1288,1.22,70533.0,0.1076,9.3,71.76,0.7596,-13.0469,0.0,30155028.0,538521.0,18718769.0,11436259.0,9234578.69133175,0.0048,0.0304,0.0167
2021-06-10,6107.538086,8892.0,211.0,1.1306,1.23,69037.0,0.1131,8.8,71.76,0.7582,-13.3057,0.0,30700350.0,545322.0,19211433.0,11488917.0,9452850.00249764,0.0047,0.0304,0.0166
2021-06-11,6095.49707,8083.0,193.0,1.1314,1.23,74144.0,0.1145,8.7,71.76,0.757,-13.649,0.0,31195606.0,495256.0,19669968.0,11525638.0,9606611.87165034,0.0047,0.0304,0.0166
2021-06-14,6080.383789,8189.0,237.0,1.135,1.27,52713.0,0.1264,7.9,71.76,0.7516,-15.2595,0.0,32039910.0,312530.0,20424048.0,11615862.0,10059824.4840993,0.0048,0.03,0.0165
2021-06-15,6089.038086,8161.0,164.0,1.1364,1.3,59153.0,0.1336,7.5,71.76,0.7504,-15.9687,0.0,32603744.0,563834.0,20904723.0,11699021.0,10333637.9312327,0.0051,0.0306,0.0167
2021-06-16,6078.567871,9944.0,196.0,1.1378,1.33,42072.0,0.1483,6.7,71.76,0.7493,-16.7261,0.0,33264392.0,660648.0,21448774.0,11815618.0,10497292.4913271,0.0053,0.0314,0.0168
2021-06-17,6068.446777,12624.0,277.0,1.1392,1.37,79322.0,0.1536,6.5,71.76,0.7483,-17.5072,0.0,33962386.0,697994.0,21999256.0,11963130.0,10658038.9368051,0.0058,0.0317,0.0168
2021-06-18,6007.120117,12990.0,290.0,1.1399,1.39,73805.0,0.1654,6.0,71.76,0.7483,-18.2909,0.0,34551233.0,588847.0,22455167.0,12096066.0,10828059.2773741,0.0061,0.0319,0.0169
2021-06-21,5996.25293,14536.0,294.0,1.1426,1.42,62361.0,0.1876,5.3,71.76,0.75,-20.4948,0.0,35586159.0,303081.0,23265773.0,12320386.0,11337192.7765851,0.0064,0.0323,0.0173
2021-06-22,6087.841797,13668.0,335.0,1.1437,1.41,70742.0,0.1948,5.1,71.76,0.7509,-21.1361,0.0,36304801.0,718642.0,23789884.0,12514917.0,11573542.7508574,0.0064,0.0322,0.0174
2021-06-23,6034.542969,15308.0,303.0,1.1447,1.42,74391.0,0.1929,5.2,71.76,0.7522,-21.7192,0.0,36998897.0,694096.0,24358856.0,12640041.0,11813680.149012,0.0064,0.0319,0.0174
2021-06-24,6012.056152,20574.0,355.0,1.1458,1.43,90503.0,0.2043,4.9,71.76,0.7539,-22.2516,0.0,37699231.0,700334.0,24929442.0,12769789.0,12062534.10667,0.0063,0.0318,0.0173
2021-06-25,6022.398926,18872.0,422.0,1.1463,1.43,95451.0,0.2071,4.8,71.76,0.7559,-22.7521,0.0,38394659.0,695428.0,25482036.0,12912623.0,12324358.3138871,0.0062,0.0314,0.017
2021-06-28,5939.471191,20694.0,423.0,1.1481,1.39,80308.0,0.2233,4.5,71.76,0.7615,-24.3388,0.0,40601932.0,377138.0,27419898.0,13182034.0,12851761.8941828,0.0064,0.0306,0.0162
2021-06-29,5949.049805,20467.0,463.0,1.1488,1.36,103265.0,0.2225,4.5,71.76,0.7629,-24.9674,0.0,41634512.0,1032580.0,28304774.0,13329738.0,13207312.397393,0.0064,0.0306,0.016
2021-06-30,5985.48877,21807.0,467.0,1.1495,1.34,100313.0,0.2237,4.5,71.76,0.7639,-25.663,0.0,42744641.0,1110129.0,29279142.0,13465499.0,13519934.9577714,0.0063,0.0309,0.016
2021-07-01,6005.958008,24836.0,504.0,1.1502,1.33,98572.0,0.2274,4.4,71.76,0.7648,-26.4312,0.0,43808549.0,1063908.0,30184392.0,13624157.0,13811097.2742574,0.0063,0.0309,0.016
2021-07-02,6023.007813,25830.0,539.0,1.1506,1.35,102765.0,0.2354,4.2,71.76,0.7657,-27.2731,0.0,44661928.0,853379.0,30891821.0,13770107.0,14083600.2980186,0.0062,0.0311,0.0161
2021-07-05,6005.608887,29745.0,558.0,1.1515,1.39,92398.0,0.256,3.9,71.76,0.7677,-30.0752,0.0,46338202.0,294893.0,32302268.0,14035934.0,14565895.122076,0.0068,0.0325,0.0164
2021-07-06,6047.11084,31189.0,728.0,1.1519,1.38,136765.0,0.259,3.9,71.76,0.7677,-31.0015,0.0,47444009.0,1105807.0,33176029.0,14267980.0,14849644.2755771,0.0068,0.0328,0.0164
2021-07-07,6044.037109,34379.0,1040.0,1.1523,1.37,141957.0,0.2613,3.8,71.76,0.7679,-31.8705,0.0,48483610.0,1039601.0,34039797.0,14443813.0,15146433.0484145,0.0068,0.0326,0.0162
2021-07-08,6039.895996,38391.0,852.0,1.1527,1.36,135936.0,0.266,3.8,71.76,0.7686,-32.6579,0.0,49483188.0,999578.0,34860686.0,14622502.0,15424753.2996407,0.0068,0.0322,0.016
2021-07-09,6039.844238,38124.0,871.0,1.1529,1.34,142005.0,0.2682,3.7,71.76,0.7691,-33.3469,0.0,50644144.0,1160956.0,35775567.0,14868577.0,15728987.4565737,0.0068,0.032,0.0159
2021-07-12,6078.567871,40427.0,891.0,1.153,1.37,123317.0,0.2662,3.8,71.76,0.7712,-34.7752,0.0,51404659.0,126292.0,36368191.0,15036468.0,16623404.7354569,0.006,0.0339,0.0161
2021-07-13,6012.032227,47899.0,864.0,1.1531,1.38,159354.0,0.2772,3.6,71.76,0.7717,-35.0413,0.0,52105605.0,700946.0,36914607.0,15190998.0,17035654.0094412,0.0059,0.0341,0.0161
2021-07-14,5979.214844,54517.0,991.0,1.1531,1.37,172859.0,0.2887,3.5,71.76,0.7723,-35.2079,0.0,54520987.0,2415382.0,38909433.0,15611554.0,17564663.6004107,0.0059,0.0342,0.0159
2021-07-15,6046.753906,56757.0,982.0,1.1532,1.32,185321.0,0.2926,3.4,71.76,0.7731,-35.2851,0.0,55438248.0,917261.0,39628149.0,15810099.0,17966699.9477764,0.0059,0.034,0.0157
2021-07-16,6072.509766,54000.0,1205.0,1.1532,1.26,179216.0,0.2971,3.4,71.76,0.7738,-35.2873,0.0,56169540.0,731292.0,40228811.0,15940729.0,18303556.7563072,0.0059,0.0331,0.0152
2021-07-19,6017.394043,34257.0,1338.0,1.1526,1.07,127461.0,0.299,3.3,71.76,0.776,-34.9772,0.0,58495882.0,548268.0,42322112.8724232,16400351.0,19084474.80858,0.006,0.0294,0.0141
2021-07-21,6029.976074,33772.0,1383.0,1.1521,1.0,116232.0,0.2989,3.3,71.76,0.7774,-34.5389,0.0,59218277.0,422314.0,42838183.8724232,16606675.0,19824040.0556307,0.006,0.0292,0.014
2021-07-22,6137.546875,49509.0,1449.0,1.1519,1.01,228702.0,0.2805,3.6,71.76,0.7781,-34.2314,0.0,60051995.0,833718.0,43382376.8724232,16896200.0,20177567.3523687,0.0058,0.0291,0.0141
2021-07-23,6101.689941,49071.0,1566.0,1.1518,1.02,202385.0,0.2702,3.7,71.76,0.7786,-33.8613,0.0,60871399.0,819404.0,43943835.8724232,17154145.0,20586188.5076198,0.0056,0.0289,0.0141
2021-07-26,6106.394043,28228.0,1487.0,1.1505,0.98,121266.0,0.2603,3.8,71.76,0.7804,-32.4731,0.0,62858198.0,481720.0,44954901.8724232,18129878.0,20987018.6565466,0.0057,0.0306,0.0144
2021-07-27,6097.048828,45203.0,2069.0,1.15,0.99,180202.0,0.2514,4.0,71.76,0.7807,-31.9595,0.0,63944892.0,1086694.0,45505130.8724232,18666343.0,21266096.7245006,0.0056,0.0299,0.0142
2021-07-28,6088.522949,47791.0,1824.0,1.1495,0.98,185181.0,0.2487,4.0,71.76,0.7809,-31.4347,0.0,64838074.0,893182.0,45961493.8724232,19103162.0,22097106.9208119,0.0055,0.0294,0.0139
2021-07-29,6120.727051,43479.0,1893.0,1.149,0.95,173464.0,0.2553,3.9,71.76,0.7807,-30.9081,0.0,65959164.0,1121090.0,46516523.8724232,19669222.0,22422347.0081318,0.0054,0.0289,0.0137
2021-07-30,6070.039063,41168.0,1759.0,1.1488,0.92,164999.0,0.2568,3.9,71.76,0.7806,-30.3918,0.0,66952414.0,993250.0,47032574.8724232,20146421.0,22718421.7616085,0.0053,0.0288,0.0135
2021-08-02,6096.542969,22404.0,1568.0,1.1469,0.87,106785.0,0.2497,4.0,71.76,0.7783,-29.0636,0.0,68620908.0,469661.0,47913064.8724232,20934425.0,23631949.7330161,0.0048,0.0281,0.0132
2021-08-03,6130.570801,33900.0,1598.0,1.1461,0.87,151712.0,0.2457,4.1,71.76,0.7776,-28.7355,0.0,69543116.0,922208.0,48332789.8724232,21436908.0,23755474.0458915,0.0048,0.0285,0.0133
2021-08-04,6159.035156,35867.0,1747.0,1.1454,0.88,148812.0,0.2427,4.1,71.76,0.7768,-28.4742,0.0,70450631.0,907515.0,48711846.8724232,21965366.0,23887649.0812185,0.0048,0.0287,0.0135
2021-08-05,6205.416992,35764.0,1739.0,1.1446,0.88,153917.0,0.2397,4.2,71.76,0.776,-28.2827,0.0,71044502.0,593871.0,49060704.8724232,22210379.0,24122875.8325825,0.0048,0.0287,0.0135
2021-08-06,6203.431152,39532.0,1635.0,1.1443,0.88,148980.0,0.242,4.1,71.76,0.7748,-28.163,0.0,72282882.0,1238380.0,49617639.8724232,22891824.0,24389984.9226607,0.0048,0.0288,0.0136
2021-08-09,6127.456055,20709.0,1475.0,1.1418,0.85,99387.0,0.2359,4.2,71.76,0.7715,-28.1846,0.0,74842339.0,567076.0,50856896.8724232,24212024.0,24994045.4119955,0.005,0.0289,0.0131
2021-08-10,6088.408203,32081.0,2048.0,1.1409,0.85,146150.0,0.2353,4.2,71.76,0.7705,-28.2488,0.0,76093131.0,1250792.0,51422132.8724232,24897580.0,25298686.3429208,0.0049,0.0286,0.0128
2021-08-12,6139.651855,24709.0,1466.0,1.1389,0.81,136252.0,0.2255,4.4,71.76,0.7693,-28.2841,0.0,77639416.0,494192.0,52121147.8724232,25744850.0,25800466.3232881,0.0047,0.0298,0.0125
2021-08-13,6139.492188,30788.0,1432.0,1.1385,0.81,146481.0,0.2165,4.6,71.76,0.769,-28.2405,0.0,80441273.0,2801857.0,53438931.8724232,27228923.0,26090049.3972831,0.0046,0.0307,0.0124
2021-08-16,6087.913086,17384.0,1245.0,1.1356,0.76,78377.0,0.2154,4.6,71.76,0.7663,-27.8941,0.0,82907666.0,1107259.0,54609261.8724232,28524986.0,26691966.0146772,0.0043,0.0309,0.0122
2021-08-18,6118.149902,15768.0,1128.0,1.1333,0.71,78626.0,0.2097,4.8,71.76,0.7656,-27.2649,0.0,84595839.0,454240.0,55419075.8724232,29403345.0,27171091.4649591,0.0046,0.0306,0.0124
2021-08-19,5992.321777,22053.0,1492.0,1.1321,0.72,115108.0,0.2121,4.7,71.76,0.7657,-26.7801,0.0,86414456.0,1818617.0,56272512.8724232,30368525.0,27384072.7290869,0.0047,0.0299,0.0125
2021-08-20,6030.771973,20004.0,1348.0,1.1315,0.71,113847.0,0.2066,4.8,71.76,0.7657,-26.2147,0.0,87257192.0,842736.0,56730636.8724232,30753137.0,27653583.5091057,0.0046,0.0293,0.0127
2021-08-23,6109.828125,9604.0,842.0,1.1283,0.72,74324.0,0.1713,5.8,71.76,0.7655,-24.3381,0.0,89825940.0,884765.0,58006297.8724232,32046224.0,28362787.8205488,0.0044,0.0306,0.0131
2021-08-24,6089.49707,19106.0,1038.0,1.1269,0.74,123844.0,0.1636,6.1,71.76,0.7651,-23.7072,0.0,91109808.0,1283868.0,58695391.8724232,32640998.0,28683914.0650321,0.0042,0.0297,0.0128
2021-08-25,6113.240234,18671.0,1041.0,1.1256,0.73,146788.0,0.1529,6.5,71.76,0.7649,-23.0812,0.0,92105838.0,996030.0,59237914.8724232,33094505.0,28984514.4006082,0.0039,0.029,0.0124
2021-08-26,6058.080078,16899.0,889.0,1.1243,0.71,128623.0,0.1438,7.0,71.76,0.7653,-22.4668,0.0,92784183.0,678345.0,59653515.8724232,33357249.0,29098568.4570081,0.0037,0.0289,0.0121
2021-08-27,6041.366211,12618.0,599.0,1.1236,0.65,107521.0,0.1355,7.4,71.76,0.7658,-21.8738,0.0,94556758.0,1772575.0,60662136.8724232,34121203.0,29701222.4464437,0.0036,0.0294,0.0119
2021-08-30,6144.901855,5436.0,568.0,1.12,0.61,78055.0,0.1154,8.7,71.76,0.7655,-20.3036,0.0,97609356.0,1096680.0,62521477.8724232,35314460.0,30615451.7371186,0.0034,0.0287,0.0113
2021-08-31,6150.298828,10534.0,532.0,1.1186,0.6,130524.0,0.1036,9.7,71.76,0.7651,-19.8484,0.0,98966499.0,1357143.0,63337869.8724232,35855211.0,31008558.6952666,0.0035,0.0288,0.0113
2021-09-01,6090.933105,10337.0,653.0,1.1171,0.6,134079.0,0.0945,10.6,71.76,0.7644,-19.4213,0.0,100288175.0,1321676.0,64171536.8724232,36343220.0,31220384.7029295,0.0037,0.0296,0.0116
2021-09-02,6078.229004,0.0,0.0,1.1157,0.59,128853.0,0.0727,13.8,71.76,0.7642,-19.0297,0.0,101602002.0,1313827.0,64969182.8724232,36859401.0,31615140.9890812,0.0038,0.0305,0.0119
2021-09-03,6126.920898,16752.0,1254.0,1.115,0.67,128343.0,0.076,13.2,71.76,0.7643,-18.687,0.0,103542706.0,1940704.0,66121254.8724232,37648033.0,31911731.9170227,0.0039,0.0316,0.0122
2021-09-06,6126.937988,4413.0,612.0,1.1111,0.64,96507.0,0.0636,15.7,71.76,0.7639,-18.0605,0.0,105627444.0,621618.0,67381934.8724232,38472091.0,32843025.2656398,0.0043,0.0313,0.012
2021-09-07,6112.399902,7201.0,683.0,1.1095,0.63,310931.0,0.0493,20.3,71.76,0.7631,-17.9678,0.0,107374568.0,1747124.0,68435169.8724232,39165980.0,33269380.4724463,0.0041,0.0313,0.0119
2021-09-08,6026.02002,6731.0,626.0,1.108,0.62,145660.0,0.0453,22.1,71.76,0.7623,-17.9041,0.0,108916110.0,1541542.0,69421120.8724232,39721571.0,33627037.718904,0.0039,0.0314,0.0119
2021-09-09,6068.219238,5990.0,334.0,1.1064,0.62,148458.0,0.0501,20.0,71.76,0.7616,-17.8596,0.0,110685380.0,1769270.0,70549141.8724232,40362820.0,33883224.0209184,0.0038,0.0319,0.012
2021-09-10,6094.873047,5376.0,315.0,1.1057,0.59,149780.0,0.0386,25.9,71.76,0.7605,-17.8326,0.0,112043252.0,1357872.0,71401840.8724232,40867993.0,34366211.6017205,0.0036,0.0322,0.0121
2021-09-13,6088.157227,2577.0,276.0,1.1016,0.59,120529.0,0.0321,31.2,71.76,0.7566,-17.828,0.0,115415402.0,914473.0,73537144.8724232,42718943.0846153,35586118.5290852,0.003,0.03,0.0118
2021-09-14,6129.095215,4128.0,250.0,1.1,0.58,185722.0,0.033,30.3,71.76,0.7545,-17.8048,0.0,116822846.0,1407444.0,74484096.8724232,43335926.4461537,36079397.5257205,0.0031,0.0296,0.0117
2021-09-15,6110.229004,3948.0,267.0,1.0983,0.58,153493.0,0.03,33.3,71.76,0.7524,-17.7409,0.0,118103364.0,1280518.0,75367305.8724232,43952909.8076924,36571544.49603,0.0033,0.0296,0.0118
2021-09-16,6109.941895,3145.0,237.0,1.0967,0.58,54766.0,0.03,33.3,71.76,0.7502,-17.6358,0.0,119638458.0,1535094.0,76380068.8724232,44569893.1692308,37184840.2015039,0.0034,0.0295,0.0118
2021-09-17,6133.246094,3835.0,219.0,1.0959,0.59,293454.0,0.0246,40.7,71.76,0.7484,-17.4971,0.0,121542203.0,1903745.0,77644069.8724232,45186876.5307693,37757325.6523962,0.0035,0.0298,0.0119
2021-09-20,6076.314941,1932.0,166.0,1.0917,0.62,150714.0,0.0193,51.9,66.2,0.7436,-16.9448,0.0,124882412.0,232862.0,79884343.8724232,47037826.6153846,39011352.3797289,0.0034,0.0307,0.0119
2021-09-21,6060.756836,3263.0,171.0,1.09,0.63,176440.0,0.0187,53.5,66.2,0.7423,-16.6958,0.0,126261777.0,1379365.0,80635325.8724232,47654809.976923,39618123.0027589,0.0034,0.0309,0.0119
2021-09-22,6108.265137,2720.0,149.0,1.0883,0.63,185396.0,0.0172,58.3,66.2,0.741,-16.3951,0.0,128609965.0,2348188.0,82340369.8724232,48271793.3384615,40240166.8304926,0.0034,0.0304,0.0118
2021-09-23,6142.711914,2881.0,160.0,1.0866,0.63,173914.0,0.0154,64.9,66.2,0.7399,-16.043,0.0,130228475.0,1618510.0,83474709.8724232,48888776.6999999,40841994.6960134,0.0034,0.0305,0.0118
2021-09-24,6144.814941,2557.0,144.0,1.0858,0.62,172973.0,0.0159,63.0,66.2,0.7395,-15.6489,0.0,132572040.0,2343565.0,85090480.8724232,49505760.0615386,41302493.7346488,0.0034,0.0311,0.0118
2021-09-27,6122.495117,1390.0,118.0,1.0815,0.63,0.0,0.0147,68.0,66.2,0.7389,-14.337,0.0,136078002.0,1090669.0,87389107.8724232,51356710.1461538,42841512.4800119,0.0035,0.0305,0.0114
2021-09-28,6113.111816,2057.0,124.0,1.0798,0.62,0.0,0.0147,68.1,66.2,0.7386,-13.866,0.0,138186855.0,2108853.0,88757718.8724232,51973693.5076923,43488366.7954073,0.0035,0.03,0.0113
2021-09-29,6162.554199,1954.0,117.0,1.0781,0.61,197310.0,0.0138,72.5,66.2,0.7384,-13.3765,0.0,140235980.0,2049125.0,90049568.8724232,52590676.8692308,43987543.6333276,0.0035,0.0301,0.0113
2021-09-30,6286.942871,1690.0,113.0,1.0764,0.61,193809.0,0.0124,80.3,66.2,0.7375,-12.8807,0.0,142192361.0,1956381.0,91305582.8724232,53207660.2307692,44451393.235891,0.0036,0.0303,0.0113
2021-10-01,6228.845215,1624.0,87.0,1.0755,0.61,171146.0,0.0116,86.1,66.2,0.7365,-12.4016,0.0,143911698.0,1719337.0,92387582.8724232,53824643.5923077,45005330.2709931,0.0036,0.0305,0.0114
2021-10-04,6342.686035,922.0,88.0,1.0712,0.65,146708.0,0.0096,104.3,66.2,0.7337,-11.2722,0.0,147230613.0,774115.0,94450271.8724232,55675593.6769231,46735338.8340574,0.0035,0.0301,0.0116
2021-10-05,6288.048828,1404.0,77.0,1.0695,0.66,176723.0,0.0084,118.9,64.35,0.7321,-11.0057,0.0,148596138.0,1365525.0,95165798.8724232,56292577.0384616,47197930.8542633,0.0035,0.0302,0.0117
2021-10-06,6417.323242,1484.0,75.0,1.0678,0.67,190230.0,0.0081,123.9,64.35,0.7306,-10.7787,0.0,150223752.0,1627614.0,96008354.8724232,56909560.4,48133963.010995,0.0035,0.0303,0.0117
2021-10-07,6416.395996,1393.0,81.0,1.066,0.69,181122.0,0.0079,126.5,64.35,0.7294,-10.5927,0.0,151451699.0,1227947.0,96718735.8724232,57526543.7615385,48749114.5091165,0.0035,0.0303,0.0117
2021-10-08,6481.769043,1384.0,66.0,1.0652,0.69,181510.0,0.0076,130.9,64.35,0.728,-10.4588,0.0,154252314.0,2800615.0,98372889.8724232,58143527.1230768,49540245.6785202,0.0035,0.0302,0.0116
2021-10-11,6459.696777,620.0,65.0,1.0609,0.71,151970.0,0.0069,144.9,64.35,0.7256,-10.5121,0.0,157929575.0,460791.0,100548956.872423,59994477.2076922,50768184.2436271,0.0033,0.03,0.0115
2021-10-12,6486.26709,1261.0,47.0,1.0592,0.73,190403.0,0.0067,149.1,57.87,0.7254,-10.6846,0.0,159768474.0,1838899.0,101589475.872423,60611460.5692309,51470662.1132132,0.0032,0.0292,0.0114
2021-10-13,6536.903809,1233.0,48.0,1.0575,0.73,181176.0,0.0066,152.6,57.87,0.7251,-10.9147,0.0,162097315.0,2328841.0,102912398.872423,61228443.9307691,52116019.0548636,0.0032,0.0288,0.0113
2021-10-14,6626.11377,1053.0,37.0,1.0558,0.73,165707.0,0.0064,157.4,57.87,0.7244,-11.1919,0.0,164730775.0,2633460.0,104535283.872423,61845427.2923078,52754809.3138784,0.0033,0.0291,0.0114
2021-10-15,6633.337891,915.0,41.0,1.0549,0.72,180420.0,0.006,167.6,57.87,0.7235,-11.5059,0.0,166861741.0,2130966.0,105691267.872423,62462410.6538461,53283553.6388026,0.0033,0.0296,0.0115
2021-10-18,6658.768066,626.0,47.0,1.0507,0.74,145729.0,0.0057,174.3,57.87,0.7235,-12.4587,0.0,171169816.0,934020.0,108207597.872423,64313360.7384615,54563369.4104926,0.0035,0.0281,0.0109
2021-10-19,6655.998047,903.0,50.0,1.0491,0.73,175456.0,0.0055,181.6,57.87,0.7236,-12.6445,0.0,173014525.0,1844709.0,109232208.872423,64930344.1000001,55008186.6603934,0.0036,0.0279,0.0108
2021-10-21,6632.972168,633.0,43.0,1.0457,0.72,148492.0,0.0051,197.7,57.87,0.723,-12.5882,0.0,175579925.0,1160367.0,110633358.872423,66164310.823077,55827641.1091738,0.0036,0.0287,0.0107
2021-10-22,6643.737793,760.0,33.0,1.0449,0.73,165247.0,0.005,200.4,57.87,0.7221,-12.3552,0.0,177812708.0,2232783.0,111722622.872423,66781294.1846154,56559606.8560456,0.0036,0.0293,0.0107
2021-10-25,6625.696777,460.0,30.0,1.0408,0.77,137617.0,0.0047,211.8,57.87,0.7212,-11.2566,0.0,181688388.0,740180.0,113650960.872423,68632244.2692308,57755772.7563607,0.0035,0.0304,0.0107
2021-10-26,6656.937012,611.0,35.0,1.0392,0.76,178077.0,0.0044,225.3,57.87,0.7215,-10.8453,0.0,183477223.0,1788835.0,114573682.872423,69249227.6307691,58329735.3228763,0.0035,0.0315,0.011
2021-10-27,6602.208984,719.0,29.0,1.0376,0.78,183819.0,0.0042,240.8,57.87,0.7212,-10.4332,0.0,185616142.0,2138919.0,115729105.872423,69866210.9923077,58987087.1263883,0.0036,0.0316,0.0111
2021-10-28,6524.076172,723.0,34.0,1.036,0.8,164229.0,0.0042,239.5,57.87,0.7202,-10.0346,0.0,187720150.0,2104008.0,116846862.872423,70483194.3538463,59825853.6717939,0.0036,0.0313,0.0112
2021-10-29,6591.346191,683.0,28.0,1.0351,0.81,160741.0,0.0041,242.5,57.87,0.7189,-9.6688,0.0,189750191.0,2030041.0,117915695.872423,71100177.7153845,60348469.8885212,0.0035,0.0313,0.0113
2021-11-01,6552.88916,403.0,18.0,1.0312,0.84,137373.0,0.0039,258.6,57.87,0.7159,-8.9203,0.0,194141514.0,780283.0,120279168.872423,72951127.8000001,61722747.6208173,0.0034,0.0328,0.0112
2021-11-02,6493.274902,612.0,34.0,1.0297,0.84,175424.0,0.0039,258.0,57.87,0.7157,-8.7828,0.0,195693514.0,1552000.0,121114428.872423,73568111.1615384,62469716.2671557,0.0033,0.0325,0.0109
2021-11-03,6552.129883,801.0,24.0,1.0281,0.84,167671.0,0.004,249.4,57.87,0.7151,-8.6828,0.0,197804943.0,2111429.0,122202334.872423,74185094.523077,62920000.7528771,0.0032,0.0321,0.0107
2021-11-04,6586.442871,628.0,19.0,1.0265,0.82,184207.0,0.0039,259.7,57.87,0.7141,-8.617,0.0,199539846.0,1734903.0,123078677.872423,74802077.8846152,63210089.231268,0.0031,0.0324,0.0106
2021-11-05,6581.785156,518.0,19.0,1.0258,0.78,149392.0,0.0037,267.3,57.87,0.7133,-8.5868,0.0,201512037.0,1972191.0,124050780.872423,75419061.2461538,63838071.1568899,0.0031,0.033,0.0106
2021-11-08,6632.296875,244.0,12.0,1.022,0.75,130191.0,0.0032,310.3,57.87,0.7118,-8.7095,0.0,204606962.0,506836.0,125621068.872423,77270011.3307693,65047190.1839943,0.0029,0.0311,0.0108
2021-11-09,6669.924805,434.0,21.0,1.0205,0.75,173067.0,0.0031,325.5,57.87,0.7119,-8.7779,0.0,206529810.0,1922848.0,126685866.872423,77886994.6923075,65559003.3014023,0.003,0.0307,0.0109
2021-11-10,6683.14502,480.0,14.0,1.019,0.75,192562.0,0.0027,366.6,57.87,0.7121,-8.8273,0.0,208289405.0,1759595.0,127561847.872423,78503978.0538463,66156636.2171434,0.0032,0.0307,0.0112
2021-11-11,6691.341797,435.0,16.0,1.0175,0.76,176934.0,0.0026,388.1,57.87,0.7125,-8.8494,0.0,209858444.0,1569039.0,128373926.872423,79120961.4153845,66705894.8652494,0.0033,0.0303,0.0113
2021-11-12,6651.054199,399.0,20.0,1.0168,0.76,155233.0,0.0025,406.4,60.65,0.712,-8.8468,0.0,211907880.0,2049436.0,129315969.872423,79737944.7769232,67263512.0219653,0.0034,0.03,0.0113
2021-11-15,6616.028809,221.0,11.0,1.0133,0.82,167949.0,0.0022,452.1,60.65,0.7102,-8.7628,0.0,215168960.0,723856.0,130843095.872423,81588894.8615386,68632836.1175712,0.0033,0.0307,0.0111
2021-11-16,6651.207031,347.0,15.0,1.0118,0.84,195581.0,0.0021,476.1,60.65,0.7095,-8.7173,0.0,216663555.0,1494595.0,131519452.872423,82205878.2230768,69225754.3942747,0.003,0.0309,0.011
2021-11-17,6675.804199,522.0,13.0,1.0104,0.87,193830.0,0.0021,468.9,60.65,0.7087,-8.6593,0.0,218286093.0,1622538.0,132232958.872423,82822861.5846155,69863401.4701749,0.0028,0.0317,0.011
2021-11-18,6636.469238,400.0,11.0,1.009,0.87,188928.0,0.0021,479.9,60.65,0.7075,-8.5916,0.0,218409909.0,123816.0,132300567.872423,83439844.9461537,70305069.9814875,0.0028,0.0324,0.011
2021-11-19,6720.263184,360.0,5.0,1.0083,0.87,183797.0,0.002,498.5,60.65,0.7059,-8.5192,0.0,221362168.0,2952259.0,133628632.872423,84056828.3076925,70891771.3351593,0.0028,0.0327,0.0111
2021-11-22,6723.38623,186.0,5.0,1.005,0.9,166685.0,0.002,503.1,60.65,0.701,-8.2901,0.0,224041006.0,402379.0,134840717.872423,85907778.3923075,72131510.8976991,0.003,0.0324,0.0117
2021-11-23,6677.875977,394.0,9.0,1.0037,0.92,193920.0,0.002,493.3,60.65,0.6999,-8.1847,0.0,225644845.0,1603839.0,135643644.872423,86524761.7538462,72848947.2189226,0.0034,0.0325,0.0118
2021-11-24,6683.276855,451.0,13.0,1.0023,0.93,200412.0,0.002,509.9,60.65,0.6989,-8.0441,0.0,227295834.0,1650989.0,136307429.872423,87141745.1153848,73323142.1763155,0.0036,0.0326,0.0118
2021-11-25,6699.346191,372.0,16.0,1.001,0.93,199759.0,0.0019,520.1,60.65,0.6978,-7.8674,0.0,228987709.0,1691875.0,136939728.872423,87758728.476923,73764360.4913384,0.0034,0.0321,0.0116
2021-11-26,6561.553223,453.0,14.0,1.0003,0.94,187293.0,0.002,502.6,60.65,0.6973,-7.6609,0.0,230610233.0,1622524.0,137731785.872423,88375711.8384616,74249202.6961171,0.0034,0.0317,0.0114
2021-11-29,6608.290039,176.0,11.0,0.9972,0.83,176381.0,0.0019,519.5,60.65,0.6969,-6.9615,0.0,233664522.0,794554.0,139135443.872423,90226661.9230768,75649895.0652692,0.0035,0.0289,0.0109
2021-11-30,6533.932129,297.0,11.0,0.996,0.8,200899.0,0.0018,543.3,60.65,0.6973,-6.7257,0.0,234839306.0,1174784.0,139592019.872423,90843645.2846154,76131865.9732657,0.0033,0.0279,0.0109
2021-12-01,6507.676758,278.0,10.0,0.9948,0.78,199375.0,0.0017,584.7,60.65,0.6976,-6.4958,0.0,236724392.0,1885086.0,140431627.872423,91460628.6461537,76697475.9025087,0.003,0.0264,0.0108
2021-12-02,6583.819824,311.0,10.0,0.9935,0.78,199658.0,0.0017,601.0,60.65,0.6979,-6.2786,0.0,238203878.0,1479486.0,141111810.872423,92077612.0076923,76877192.1544028,0.003,0.0257,0.0109
2021-12-03,6538.505859,245.0,8.0,0.9929,0.76,194099.0,0.0015,667.7,60.65,0.6977,-6.0785,0.0,239549926.0,1346048.0,141729673.872423,92694595.3692309,77541511.4504845,0.0031,0.0254,0.0111
2021-12-06,6547.116211,130.0,9.0,0.9901,0.79,200460.0,0.0013,792.4,60.65,0.6958,-5.5003,0.0,241926512.0,484584.0,142927521.872423,94545545.453846,78734242.9278184,0.0038,0.025,0.011
2021-12-07,6602.568848,261.0,17.0,0.9889,0.8,281032.0,0.0012,857.6,63.43,0.6946,-5.2565,0.0,243116796.0,1190284.0,143517933.872423,95162528.8153846,79367936.9308584,0.0037,0.0245,0.0109
2021-12-08,6603.797852,264.0,16.0,0.9878,0.8,282985.0,0.0011,915.4,63.43,0.6929,-4.9692,0.0,244253314.0,1136518.0,144020623.872423,95779512.1769231,79911035.2840521,0.0036,0.0246,0.0108
2021-12-09,6643.932129,220.0,9.0,0.9867,0.79,267119.0,0.001,1012.0,63.43,0.6909,-4.6508,0.0,245595833.0,1342519.0,144672905.872423,96396495.5384616,80413696.2884588,0.0037,0.025,0.0107
2021-12-10,6652.921875,192.0,5.0,0.9861,0.78,228725.0,0.0009,1070.5,63.43,0.6883,-4.3225,0.0,246880508.0,1284675.0,145312493.872423,97013478.8999998,80778903.4863529,0.0038,0.0254,0.0107
2021-12-13,6662.871094,106.0,12.0,0.9835,0.83,177759.0,0.0009,1123.8,63.43,0.6821,-3.4864,0.0,249974816.0,574996.0,147102540.872423,98864428.9846153,82249318.3931725,0.0033,0.0256,0.0107
2021-12-14,6615.637207,190.0,12.0,0.9825,0.84,203892.0,0.0009,1125.7,63.43,0.6807,-3.2778,0.0,251106714.0,1131898.0,147694977.872423,99481412.3461539,82834528.5383244,0.0035,0.0274,0.011
2021-12-15,6626.256836,205.0,9.0,0.9815,0.88,213858.0,0.0009,1123.7,63.43,0.6793,-3.0935,0.0,252866371.0,1759657.0,148570796.872423,100098395.707692,83331303.9188852,0.0038,0.0289,0.0111
2021-12-16,6594.797852,213.0,10.0,0.9804,0.92,211111.0,0.0009,1086.5,63.43,0.6782,-2.935,0.0,254443692.0,1577321.0,149432152.872423,100715379.069231,83875108.4749765,0.004,0.0294,0.0111
2021-12-17,6601.932129,291.0,7.0,0.9799,0.96,214267.0,0.001,999.1,63.43,0.6771,-2.8134,0.0,256270038.0,1826346.0,150476081.872423,101332362.430769,84326022.9677761,0.004,0.0305,0.0109
2021-12-20,6547.111816,133.0,11.0,0.9776,0.91,142020.0,0.0011,926.5,63.43,0.6755,-6.8513,0.0,258955775.0,486334.0,152002178.872423,103183312.515385,85785030.7250938,0.0041,0.0327,0.0103
2021-12-21,6554.309082,216.0,11.0,0.9767,0.89,222546.0,0.0011,922.7,63.43,0.676,-6.8513,0.0,260302530.0,1346755.0,152823098.872423,103800295.876923,86307257.7122364,0.0041,0.0317,0.0101
2021-12-22,6529.592773,179.0,10.0,0.9758,0.87,215395.0,0.0011,940.6,63.43,0.6766,-6.8513,0.0,262043740.0,1741210.0,153730266.872423,104417279.238462,86757593.8812312,0.0039,0.0299,0.0095
2021-12-23,6555.550781,136.0,8.0,0.9749,0.87,207437.0,0.001,991.5,63.43,0.6774,-6.8513,0.0,263751186.0,1707446.0,154720696.872423,105034262.6,87223200.3652058,0.0039,0.0282,0.0092
2021-12-24,6562.899902,204.0,5.0,0.9744,0.91,184552.0,0.001,1036.3,66.2,0.678,-6.8513,0.0,265370276.0,1619090.0,155641105.872423,105651245.961538,87616018.2307129,0.0038,0.0262,0.0091
2021-12-27,6575.443848,212.0,10.0,0.9724,1.06,164005.0,0.001,1050.8,66.2,0.6811,-6.8513,0.0,267807642.0,545057.0,157221367.872423,107502196.046154,88915992.0998059,0.0037,0.0229,0.0081
2021-12-28,6598.342773,278.0,8.0,0.9716,1.09,176854.0,0.001,963.1,66.2,0.6822,-6.8513,0.0,269370107.0,1562465.0,158031386.872423,108119179.407692,89575337.2096518,0.0039,0.0212,0.0075
2021-12-29,6600.676758,194.0,10.0,0.9708,1.07,163611.0,0.0011,911.3,66.2,0.6833,-6.8513,0.0,271240030.0,1869923.0,159188823.872423,108736162.769231,90256850.9914028,0.0039,0.0195,0.0068
2021-12-30,6581.481934,189.0,7.0,0.97,1.08,163035.0,0.0012,841.7,66.2,0.6848,-6.8513,0.0,273016811.0,1776781.0,160239024.872423,109353146.130769,90798610.8983242,0.0036,0.0186,0.0062
2022-01-03,6665.308105,265.0,5.0,0.9553,1.4,209567.0,0.0014,728.9,66.2,0.6882,-6.8513,0.0,0.0,0.0,166330912.872423,111821079.576923,93076157.9696104,0.0027,0.0192,0.0049
2022-01-04,6695.373047,299.0,3.0,0.9545,1.47,232746.0,0.0013,754.7,66.2,0.6883,-6.8513,0.0,0.0,0.0,166880448.872423,112438062.938462,93692026.9282778,0.0028,0.0202,0.0048
2022-01-05,6662.298828,404.0,4.0,0.9537,1.56,217304.0,0.0014,696.0,66.2,0.6882,-2.835,0.0,0.0,0.0,167452824.872423,113055046.3,94353758.4307232,0.003,0.02,0.0045
2022-01-06,6653.351074,533.0,7.0,0.9528,1.63,208788.0,0.0017,605.0,66.2,0.688,-2.9835,0.0,0.0,0.0,168226358.872423,113672029.661538,94967550.1051739,0.0032,0.0197,0.0043
2022-01-07,6701.315918,518.0,5.0,0.952,1.63,198487.0,0.0018,541.9,66.2,0.6873,-3.1805,0.0,0.0,0.0,169046174.872423,114289013.023077,95471612.200619,0.0032,0.019,0.0041
2022-01-10,6691.124023,454.0,7.0,0.9507,1.65,181426.0,0.0023,433.4,66.2,0.6834,-3.8905,0.0,0.0,0.0,170762919.872423,116139963.107692,96735061.9556467,0.0032,0.0167,0.0034
2022-01-11,6647.970215,802.0,8.0,0.95,1.66,203706.0,0.0027,366.9,66.2,0.6815,-4.0942,0.0,0.0,0.0,171282785.872423,116756946.469231,97329449.9177982,0.003,0.0158,0.0032
2022-01-12,6647.064941,646.0,6.0,0.9494,1.62,198636.0,0.0029,339.8,66.2,0.6795,-4.2443,0.0,0.0,0.0,172382175.872423,117373929.830769,98008299.5725148,0.0028,0.0155,0.003
2022-01-13,6658.355957,793.0,5.0,0.9488,1.62,195527.0,0.0032,315.7,66.2,0.6775,-4.3369,0.0,0.0,0.0,173474837.872423,117990913.192308,98642172.7314784,0.0025,0.0151,0.0029
2022-01-14,6693.400879,850.0,8.0,0.9481,1.65,198375.0,0.0034,292.7,63.43,0.6758,-4.3796,0.0,0.0,0.0,174518166.872423,118607896.553846,99193238.7747205,0.0023,0.0143,0.0028
2022-01-17,6645.047852,772.0,4.0,0.9472,1.8,178283.0,0.0043,231.7,63.43,0.6708,-4.2977,0.0,0.0,0.0,176856522.872423,120458846.638462,101987139.955957,0.0019,0.0143,0.0028
2022-01-18,6614.059082,1362.0,9.0,0.9467,1.89,194308.0,0.0048,209.7,63.43,0.6694,-4.2019,0.0,0.0,0.0,177870360.872423,121075830.0,102499332.850684,0.0017,0.0146,0.0028
2022-01-19,6591.980957,1745.0,9.0,0.9463,1.99,152016.0,0.0058,172.4,63.43,0.6684,-4.0677,0.0,0.0,0.0,178112175.254362,122122680.762096,103079374.276603,0.0015,0.0148,0.0029
2022-01-20,6626.871094,2116.0,7.0,0.9459,2.07,183531.0,0.0069,145.0,63.43,0.6678,-3.9065,0.0,0.0,0.0,179120294.226223,123169531.524192,103543550.134253,0.0015,0.0146,0.0028
2022-01-21,6726.373047,2604.0,2.0,0.9454,2.15,200180.0,0.0083,121.0,63.43,0.6676,-3.7401,0.0,0.0,0.0,180100395.220305,123846347.53011,103995457.10595,0.0015,0.0141,0.0027
2022-01-24,6655.166016,2927.0,7.0,0.9449,2.28,175763.0,0.0134,74.9,63.43,0.6682,-3.4546,0.0,0.0,0.0,181592840.245936,124876966.504479,105390369.866664,0.0012,0.0155,0.0025
2022-01-25,6568.172852,4878.0,20.0,0.9447,2.35,176407.0,0.0164,61.1,63.43,0.668,-3.4844,0.0,0.0,0.0,182432132.061745,125456545.68867,105860129.312347,0.0011,0.0162,0.0024
2022-01-26,6600.818848,7010.0,7.0,0.9444,2.42,244413.0,0.0192,52.2,63.43,0.668,-3.5894,0.0,0.0,0.0,183049371.081626,125882784.668789,106388657.460221,0.0011,0.0173,0.0023
2022-01-27,6611.161133,8077.0,7.0,0.9442,2.41,236651.0,0.0227,44.0,63.43,0.6679,-3.7765,0.0,0.0,0.0,183817850.750415,126413464.0,107069246.313383,0.0011,0.0184,0.0023
2022-01-28,6645.51123,9905.0,7.0,0.944,2.4,258145.0,0.0269,37.2,63.43,0.6679,-4.0508,0.0,0.0,0.0,184044296.730706,127067583.145051,107548145.88161,0.0011,0.0191,0.0022
2022-01-31,6631.150879,10185.0,17.0,0.9439,2.25,202393.0,0.0404,24.7,63.43,0.6681,-5.2826,0.0,0.0,0.0,184716849.57401,128635772.024707,109132706.626082,0.0012,0.0217,0.0022
2022-02-02,6707.651855,17895.0,25.0,0.9439,2.21,226958.0,0.0529,18.9,63.43,0.6669,-6.0523,0.0,0.0,0.0,185155420.409605,129979276.351086,110007341.594742,0.0013,0.0237,0.0024
2022-02-03,6683.851074,27197.0,38.0,0.944,2.24,307987.0,0.062,16.1,63.43,0.6664,-6.3261,0.0,0.0,0.0,185371877.990726,130558809.241505,110540374.674858,0.0013,0.0239,0.0024
2022-02-04,6731.391113,32211.0,42.0,0.944,2.21,312977.0,0.0727,13.7,63.43,0.666,-6.5377,0.0,0.0,0.0,185586669.130427,130946119.056951,111005205.166433,0.0013,0.0232,0.0024
2022-02-07,6804.937012,26121.0,82.0,0.9444,1.9,180967.0,0.103,9.7,63.43,0.6656,-6.8513,0.0,0.0,0.0,186222684.773751,132525811.27843,111954308.069812,0.0012,0.0213,0.0021
2022-02-08,6789.521973,37492.0,83.0,0.9446,1.79,284638.0,0.1118,8.9,63.43,0.6656,-6.7761,0.0,0.0,0.0,186432451.020511,133167340.741078,112602921.910287,0.0011,0.0204,0.002
2022-02-09,6834.605957,46843.0,65.0,0.9449,1.71,245825.0,0.1259,7.9,63.43,0.6656,-6.7008,0.0,0.0,0.0,186641371.262221,133750091.733649,112997814.356271,0.0011,0.0197,0.002
2022-02-10,6823.64209,40618.0,74.0,0.9451,1.61,238688.0,0.1379,7.3,63.43,0.6656,-6.6255,0.0,0.0,0.0,186849549.137701,134247971.406742,113395667.763603,0.001,0.0193,0.0019
2022-02-11,6815.606934,40489.0,100.0,0.9454,1.55,226502.0,0.1495,6.7,63.43,0.6656,-6.5502,0.0,0.0,0.0,187056198.744945,134626538.896857,113538632.784919,0.001,0.0191,0.0019
2022-02-14,6734.48584,36501.0,145.0,0.9463,1.48,273914.0,0.1619,6.2,63.43,0.6656,-6.3243,0.0,0.0,0.0,187665959.732472,135910851.29755,114325951.669917,0.0009,0.0185,0.0019
2022-02-15,6807.49707,57049.0,134.0,0.9469,1.45,358270.0,0.1659,6.0,63.43,0.6656,-6.249,0.0,0.0,0.0,187866094.587968,136526065.322238,114608850.674548,0.001,0.0181,0.0019
2022-02-16,6850.198242,64718.0,167.0,0.9474,1.39,348080.0,0.1663,6.0,63.43,0.6656,-6.1737,0.0,0.0,0.0,188064808.608818,137129306.723384,114848434.286413,0.001,0.0178,0.0018
2022-02-17,6835.117188,63956.0,206.0,0.9479,1.33,344393.0,0.169,5.9,63.43,0.6656,-6.0985,0.0,0.0,0.0,188262184.93634,137906581.25226,115038516.690346,0.001,0.0174,0.0018
2022-02-18,6892.817871,59635.0,216.0,0.9485,1.27,307607.0,0.1714,5.8,63.43,0.6656,-6.0232,0.0,0.0,0.0,188458306.71185,138453261.580364,115220253.692189,0.0009,0.0171,0.0018
2022-02-21,6902.964844,34418.0,176.0,0.95,1.14,243226.0,0.1781,5.6,63.43,0.6656,-5.7973,0.0,0.0,0.0,189039976.139475,140202446.41187,115964266.571077,0.0008,0.0161,0.0017
2022-02-22,6861.994141,57491.0,257.0,0.9508,1.1,326422.0,0.181,5.5,63.43,0.6656,-5.722,0.0,0.0,0.0,189231911.120104,141014853.149217,116201631.419384,0.0007,0.0158,0.0017
2022-02-23,6920.056152,61488.0,227.0,0.9516,1.04,309488.0,0.1827,5.5,63.43,0.6656,-5.6467,0.0,0.0,0.0,189423007.255304,141999457.60186,116417036.22122,0.0007,0.0155,0.0017
2022-02-24,6817.819824,57426.0,317.0,0.9524,0.99,288027.0,0.1846,5.4,63.43,0.6656,-5.5714,0.0,0.0,0.0,189613049.949413,142939607.535407,116601746.471704,0.0006,0.0152,0.0016
2022-02-25,6888.170898,49447.0,244.0,0.9532,0.93,275753.0,0.1824,5.5,63.43,0.6656,-5.4961,0.0,0.0,0.0,189801583.775176,143101438.848832,116753932.437445,0.0006,0.0149,0.0016
2022-03-01,6921.440918,24728.0,325.0,0.9564,0.79,202005.0,0.1763,5.7,0.0,0.6656,-5.195,0.0,0.0,0.0,190541965.149076,146002859.010152,117670219.463823,0.0005,0.0138,0.0015
2022-03-02,6868.401855,40920.0,376.0,0.9575,0.78,260074.0,0.1691,5.9,0.0,0.6656,-5.1197,0.0,0.0,0.0,190723981.911997,146870962.875121,117952402.303912,0.0005,0.0135,0.0015
